geohash,value
9vffwr,1.0
9vffwx,1.0
9vffwz,1.0
9vffwy,1.0
9vffwv,1.0
9vffwt,1.0
9vffwm,1.0
9vffwq,1.0
9vffwp,1.0
9vffy0,1.0
9vffy2,1.0
9vffy8,1.0
9vffyb,1.0
9vffz0,1.0
9vffxp,1.0
9vffxn,1.0
9vffxj,1.0
9vffxh,1.0
9vffwu,1.0
9vffws,1.0
9vffwk,1.0
9vffwh,1.0
9vffwj,1.0
9vffwn,1.0
9vffvb,1.0
9vffvc,1.0
9vffy1,1.0
9vffy3,1.0
9vffy9,1.0
9vffyc,1.0
9vffz1,1.0
9vffz3,1.0
9vffz2,1.0
9vffxr,1.0
9vffxq,1.0
9vffxm,1.0
9vffxk,1.0
9vffx7,1.0
9vffx5,1.0
9vffwg,1.0
9vffwe,1.0
9vffw7,1.0
9vffw5,1.0
9vfftg,1.0
9vfftu,1.0
9vfftv,1.0
9vffty,1.0
9vfftz,1.0
9vffv9,1.0
9vffvd,1.0
9vffvf,1.0
9vffy4,1.0
9vffy6,1.0
9vffyd,1.0
9vffyf,1.0
9vffz4,1.0
9vffz6,1.0
9vffzd,1.0
9vffz9,1.0
9vffz8,1.0
9vffxx,1.0
9vffxw,1.0
9vffxt,1.0
9vffxs,1.0
9vffxe,1.0
9vffxd,1.0
9vffx6,1.0
9vffx4,1.0
9vffwf,1.0
9vffwd,1.0
9vffw6,1.0
9vffw4,1.0
9vfftf,1.0
9vfftd,1.0
9vffte,1.0
9vffts,1.0
9vfftt,1.0
9vfftw,1.0
9vfftx,1.0
9vffv8,1.0
9vffv6,1.0
9vffv7,1.0
9vffve,1.0
9vffvg,1.0
9vffy5,1.0
9vffy7,1.0
9vffye,1.0
9vffyg,1.0
9vffz5,1.0
9vffz7,1.0
9vffze,1.0
9vffzg,1.0
9vffzf,1.0
9vffzc,1.0
9vffzb,1.0
9vffxz,1.0
9vffxy,1.0
9vffxv,1.0
9vffxu,1.0
9vffxg,1.0
9vffxf,1.0
9vffxc,1.0
9vffx9,1.0
9vffx3,1.0
9vffx1,1.0
9vffwc,1.0
9vffw9,1.0
9vffw3,1.0
9vffw1,1.0
9vfftc,1.0
9vfft9,1.0
9vfft3,1.0
9vfft6,1.0
9vfft7,1.0
9vfftk,1.0
9vfftm,1.0
9vfftq,1.0
9vfftr,1.0
9vffv2,1.0
9vffv3,1.0
9vffv5,1.0
9vffvh,1.0
9vffvk,1.0
9vffvs,1.0
9vffvu,1.0
9vffyh,1.0
9vffyk,1.0
9vffys,1.0
9vffyu,1.0
9vffzh,1.0
9vffzk,1.0
9vffzs,1.0
9vffzu,1.0
9vg4bh,1.0
9vg4b5,1.0
9vg4b4,1.0
9vg4b1,1.0
9vg4b0,1.0
9vg48p,1.0
9vg48n,1.0
9vg48j,1.0
9vg48h,1.0
9vg485,1.0
9vg484,1.0
9vg481,1.0
9vg480,1.0
9vffxb,1.0
9vffx8,1.0
9vffx2,1.0
9vffx0,1.0
9vffwb,1.0
9vffw8,1.0
9vffw2,1.0
9vffw0,1.0
9vfftb,1.0
9vfft8,1.0
9vfft2,1.0
9vfft0,1.0
9vfft1,1.0
9vfft4,1.0
9vfft5,1.0
9vffth,1.0
9vfftj,1.0
9vfftn,1.0
9vfftp,1.0
9vffv0,1.0
9vffv1,1.0
9vffv4,1.0
9vffuu,1.0
9vffuv,1.0
9vffvj,1.0
9vffvm,1.0
9vffvt,1.0
9vffvv,1.0
9vffyj,1.0
9vffym,1.0
9vffyt,1.0
9vffyv,1.0
9vffzj,1.0
9vffzm,1.0
9vffzt,1.0
9vffzv,1.0
9vg4bj,1.0
9vg4bm,1.0
9vg4bk,1.0
9vg4b7,1.0
9vg4b6,1.0
9vg4b3,1.0
9vg4b2,1.0
9vg48r,1.0
9vg48q,1.0
9vg48m,1.0
9vg48k,1.0
9vg487,1.0
9vg486,1.0
9vg483,1.0
9vg482,1.0
9vg42r,1.0
9vg42p,1.0
9vffrz,1.0
9vffrx,1.0
9vffrr,1.0
9vffrp,1.0
9vffqz,1.0
9vffqx,1.0
9vffqr,1.0
9vffqp,1.0
9vffmz,1.0
9vffmx,1.0
9vffmr,1.0
9vffmp,1.0
9vffkz,1.0
9vffsb,1.0
9vffsc,1.0
9vffsf,1.0
9vffsg,1.0
9vffsu,1.0
9vffsv,1.0
9vffsy,1.0
9vffsz,1.0
9vffub,1.0
9vffuc,1.0
9vffuf,1.0
9vffug,1.0
9vffut,1.0
9vffuw,1.0
9vffuy,1.0
9vffvn,1.0
9vffvq,1.0
9vffvw,1.0
9vffvy,1.0
9vffyn,1.0
9vffyq,1.0
9vffyw,1.0
9vffyy,1.0
9vffzn,1.0
9vffzq,1.0
9vffzw,1.0
9vffzy,1.0
9vg4bn,1.0
9vg4bq,1.0
9vg4bw,1.0
9vg4bt,1.0
9vg4bs,1.0
9vg4be,1.0
9vg4bd,1.0
9vg4b9,1.0
9vg4b8,1.0
9vg48x,1.0
9vg48w,1.0
9vg48t,1.0
9vg48s,1.0
9vg48e,1.0
9vg48d,1.0
9vg489,1.0
9vg488,1.0
9vg42x,1.0
9vg42w,1.0
9vg42q,1.0
9vg42n,1.0
9vffry,1.0
9vffrw,1.0
9vffrq,1.0
9vffrn,1.0
9vffqy,1.0
9vffqw,1.0
9vffqq,1.0
9vffqn,1.0
9vffmy,1.0
9vffmw,1.0
9vffmq,1.0
9vffmn,1.0
9vffky,1.0
9vffkw,1.0
9vffkx,1.0
9vffs8,1.0
9vffs9,1.0
9vffsd,1.0
9vffse,1.0
9vffss,1.0
9vffst,1.0
9vffsw,1.0
9vffsx,1.0
9vffu8,1.0
9vffu9,1.0
9vffud,1.0
9vffue,1.0
9vffus,1.0
9vffuq,1.0
9vffur,1.0
9vffux,1.0
9vffuz,1.0
9vffvp,1.0
9vffvr,1.0
9vffvx,1.0
9vffvz,1.0
9vffyp,1.0
9vffyr,1.0
9vffyx,1.0
9vffyz,1.0
9vffzp,1.0
9vffzr,1.0
9vffzx,1.0
9vffzz,1.0
9vg4bp,1.0
9vg4br,1.0
9vg4bx,1.0
9vg4bz,1.0
9vg4by,1.0
9vg4bv,1.0
9vg4bu,1.0
9vg4bg,1.0
9vg4bf,1.0
9vg4bc,1.0
9vg4bb,1.0
9vg48z,1.0
9vg48y,1.0
9vg48v,1.0
9vg48u,1.0
9vg48g,1.0
9vg48f,1.0
9vg48c,1.0
9vg48b,1.0
9vg42z,1.0
9vg42y,1.0
9vg42v,1.0
9vg42t,1.0
9vg42m,1.0
9vg42j,1.0
9vffrv,1.0
9vffrt,1.0
9vffrm,1.0
9vffrj,1.0
9vffqv,1.0
9vffqt,1.0
9vffqm,1.0
9vffqj,1.0
9vffmv,1.0
9vffmt,1.0
9vffmm,1.0
9vffmj,1.0
9vffkv,1.0
9vffkt,1.0
9vffkm,1.0
9vffkq,1.0
9vffkr,1.0
9vffs2,1.0
9vffs3,1.0
9vffs6,1.0
9vffs7,1.0
9vffsk,1.0
9vffsm,1.0
9vffsq,1.0
9vffsr,1.0
9vffu2,1.0
9vffu3,1.0
9vffu6,1.0
9vffu7,1.0
9vffuk,1.0
9vffum,1.0
9vffup,1.0
9vfgh0,1.0
9vfgh2,1.0
9vfgh8,1.0
9vfghb,1.0
9vfgj0,1.0
9vfgj2,1.0
9vfgj8,1.0
9vfgjb,1.0
9vfgn0,1.0
9vfgn2,1.0
9vfgn8,1.0
9vfgnb,1.0
9vfgp0,1.0
9vfgp2,1.0
9vfgp8,1.0
9vfgpb,1.0
9vg500,1.0
9vg502,1.0
9vg508,1.0
9vg50b,1.0
9vg510,1.0
9vg4cp,1.0
9vg4cn,1.0
9vg4cj,1.0
9vg4ch,1.0
9vg4c5,1.0
9vg4c4,1.0
9vg4c1,1.0
9vg4c0,1.0
9vg49p,1.0
9vg49n,1.0
9vg49j,1.0
9vg49h,1.0
9vg495,1.0
9vg494,1.0
9vg491,1.0
9vg490,1.0
9vg43p,1.0
9vg43n,1.0
9vg43j,1.0
9vg43h,1.0
9vg42u,1.0
9vg42s,1.0
9vg42k,1.0
9vg42h,1.0
9vffru,1.0
9vffrs,1.0
9vffrk,1.0
9vffrh,1.0
9vffqu,1.0
9vffqs,1.0
9vffqk,1.0
9vffqh,1.0
9vffmu,1.0
9vffms,1.0
9vffmk,1.0
9vffmh,1.0
9vffku,1.0
9vffks,1.0
9vffkk,1.0
9vffkh,1.0
9vffkj,1.0
9vffkn,1.0
9vffkp,1.0
9vffs0,1.0
9vffs1,1.0
9vffs4,1.0
9vffs5,1.0
9vffsh,1.0
9vffsj,1.0
9vffsn,1.0
9vffsp,1.0
9vffu0,1.0
9vffu1,1.0
9vffu4,1.0
9vffu5,1.0
9vffuh,1.0
9vffuj,1.0
9vffun,1.0
9vfg5b,1.0
9vfg5c,1.0
9vfgh1,1.0
9vfgh3,1.0
9vfgh9,1.0
9vfghc,1.0
9vfgj1,1.0
9vfgj3,1.0
9vfgj9,1.0
9vfgjc,1.0
9vfgn1,1.0
9vfgn3,1.0
9vfgn9,1.0
9vfgnc,1.0
9vfgp1,1.0
9vfgp3,1.0
9vfgp9,1.0
9vfgpc,1.0
9vg501,1.0
9vg503,1.0
9vg509,1.0
9vg50c,1.0
9vg511,1.0
9vg513,1.0
9vg512,1.0
9vg4cr,1.0
9vg4cq,1.0
9vg4cm,1.0
9vg4ck,1.0
9vg4c7,1.0
9vg4c6,1.0
9vg4c3,1.0
9vg4c2,1.0
9vg49r,1.0
9vg49q,1.0
9vg49m,1.0
9vg49k,1.0
9vg497,1.0
9vg496,1.0
9vg493,1.0
9vg492,1.0
9vg43r,1.0
9vg43q,1.0
9vg43m,1.0
9vg43k,1.0
9vg437,1.0
9vg435,1.0
9vg42g,1.0
9vg42e,1.0
9vg427,1.0
9vg425,1.0
9vffrg,1.0
9vffre,1.0
9vffr7,1.0
9vffr5,1.0
9vffqg,1.0
9vffqe,1.0
9vffq7,1.0
9vffq5,1.0
9vffmg,1.0
9vffme,1.0
9vffm7,1.0
9vffm5,1.0
9vffkg,1.0
9vffke,1.0
9vffk7,1.0
9vffk5,1.0
9vff7g,1.0
9vff7u,1.0
9vff7v,1.0
9vff7y,1.0
9vff7z,1.0
9vffeb,1.0
9vffec,1.0
9vffef,1.0
9vffeg,1.0
9vffeu,1.0
9vffev,1.0
9vffey,1.0
9vffez,1.0
9vffgb,1.0
9vffgc,1.0
9vffgf,1.0
9vffgg,1.0
9vffgu,1.0
9vffgv,1.0
9vffgy,1.0
9vffgz,1.0
9vfg59,1.0
9vfg5d,1.0
9vfg5f,1.0
9vfgh4,1.0
9vfgh6,1.0
9vfghd,1.0
9vfghf,1.0
9vfgj4,1.0
9vfgj6,1.0
9vfgjd,1.0
9vfgjf,1.0
9vfgn4,1.0
9vfgn6,1.0
9vfgnd,1.0
9vfgnf,1.0
9vfgp4,1.0
9vfgp6,1.0
9vfgpd,1.0
9vfgpf,1.0
9vg504,1.0
9vg506,1.0
9vg50d,1.0
9vg50f,1.0
9vg514,1.0
9vg516,1.0
9vg51d,1.0
9vg519,1.0
9vg518,1.0
9vg4cx,1.0
9vg4cw,1.0
9vg4ct,1.0
9vg4cs,1.0
9vg4ce,1.0
9vg4cd,1.0
9vg4c9,1.0
9vg4c8,1.0
9vg49x,1.0
9vg49w,1.0
9vg49t,1.0
9vg49s,1.0
9vg49e,1.0
9vg49d,1.0
9vg499,1.0
9vg498,1.0
9vg43x,1.0
9vg43w,1.0
9vg43t,1.0
9vg43s,1.0
9vg43e,1.0
9vg43d,1.0
9vg436,1.0
9vg434,1.0
9vg42f,1.0
9vg42d,1.0
9vg426,1.0
9vg424,1.0
9vffrf,1.0
9vffrd,1.0
9vffr6,1.0
9vffr4,1.0
9vffqf,1.0
9vffqd,1.0
9vffq6,1.0
9vffq4,1.0
9vffmf,1.0
9vffmd,1.0
9vffm6,1.0
9vffm4,1.0
9vffkf,1.0
9vffkd,1.0
9vffk6,1.0
9vffk4,1.0
9vff7f,1.0
9vff7d,1.0
9vff7e,1.0
9vff7s,1.0
9vff7t,1.0
9vff7w,1.0
9vff7x,1.0
9vffe8,1.0
9vffe9,1.0
9vffed,1.0
9vffee,1.0
9vffes,1.0
9vffet,1.0
9vffew,1.0
9vffex,1.0
9vffg8,1.0
9vffg9,1.0
9vffgd,1.0
9vffge,1.0
9vffgs,1.0
9vffgt,1.0
9vffgw,1.0
9vffgx,1.0
9vfg58,1.0
9vfg56,1.0
9vfg57,1.0
9vfg5e,1.0
9vfg5g,1.0
9vfgh5,1.0
9vfgh7,1.0
9vfghe,1.0
9vfghg,1.0
9vfgj5,1.0
9vfgj7,1.0
9vfgje,1.0
9vfgjg,1.0
9vfgn5,1.0
9vfgn7,1.0
9vfgne,1.0
9vfgng,1.0
9vfgp5,1.0
9vfgp7,1.0
9vfgpe,1.0
9vfgpg,1.0
9vg505,1.0
9vg507,1.0
9vg50e,1.0
9vg50g,1.0
9vg515,1.0
9vg517,1.0
9vg51e,1.0
9vg51g,1.0
9vg51f,1.0
9vg51c,1.0
9vg51b,1.0
9vg4cz,1.0
9vg4cy,1.0
9vg4cv,1.0
9vg4cu,1.0
9vg4cg,1.0
9vg4cf,1.0
9vg4cc,1.0
9vg4cb,1.0
9vg49z,1.0
9vg49y,1.0
9vg49v,1.0
9vg49u,1.0
9vg49g,1.0
9vg49f,1.0
9vg49c,1.0
9vg49b,1.0
9vg43z,1.0
9vg43y,1.0
9vg43v,1.0
9vg43u,1.0
9vg43g,1.0
9vg43f,1.0
9vg43c,1.0
9vg439,1.0
9vg433,1.0
9vg431,1.0
9vg42c,1.0
9vg429,1.0
9vg423,1.0
9vg421,1.0
9vffrc,1.0
9vffr9,1.0
9vffr3,1.0
9vffr1,1.0
9vffqc,1.0
9vffq9,1.0
9vffq3,1.0
9vffq1,1.0
9vffmc,1.0
9vffm9,1.0
9vffm3,1.0
9vffm1,1.0
9vffkc,1.0
9vffk9,1.0
9vffk3,1.0
9vffk1,1.0
9vff7c,1.0
9vff79,1.0
9vff73,1.0
9vff76,1.0
9vff77,1.0
9vff7k,1.0
9vff7m,1.0
9vff7q,1.0
9vff7r,1.0
9vffe2,1.0
9vffe3,1.0
9vffe6,1.0
9vffe7,1.0
9vffek,1.0
9vffem,1.0
9vffeq,1.0
9vffer,1.0
9vffg2,1.0
9vffg3,1.0
9vffg6,1.0
9vffg7,1.0
9vffgk,1.0
9vffgm,1.0
9vffgq,1.0
9vffgr,1.0
9vfg52,1.0
9vfg53,1.0
9vfg55,1.0
9vfg5h,1.0
9vfg5k,1.0
9vfg5s,1.0
9vfg5u,1.0
9vfghh,1.0
9vfghk,1.0
9vfghs,1.0
9vfghu,1.0
9vfgjh,1.0
9vfgjk,1.0
9vfgjs,1.0
9vfgju,1.0
9vfgnh,1.0
9vfgnk,1.0
9vfgns,1.0
9vfgnu,1.0
9vfgph,1.0
9vfgpk,1.0
9vfgps,1.0
9vfgpu,1.0
9vg50h,1.0
9vg50k,1.0
9vg50s,1.0
9vg50u,1.0
9vg51h,1.0
9vg51k,1.0
9vg51s,1.0
9vg51u,1.0
9vg54h,1.0
9vg545,1.0
9vg544,1.0
9vg541,1.0
9vg540,1.0
9vg4fp,1.0
9vg4fn,1.0
9vg4fj,1.0
9vg4fh,1.0
9vg4f5,1.0
9vg4f4,1.0
9vg4f1,1.0
9vg4f0,1.0
9vg4dp,1.0
9vg4dn,1.0
9vg4dj,1.0
9vg4dh,1.0
9vg4d5,1.0
9vg4d4,1.0
9vg4d1,1.0
9vg4d0,1.0
9vg46p,1.0
9vg46n,1.0
9vg46j,1.0
9vg46h,1.0
9vg465,1.0
9vg464,1.0
9vg461,1.0
9vg460,1.0
9vg43b,1.0
9vg438,1.0
9vg432,1.0
9vg430,1.0
9vg42b,1.0
9vg428,1.0
9vg422,1.0
9vg420,1.0
9vffrb,1.0
9vffr8,1.0
9vffr2,1.0
9vffr0,1.0
9vffqb,1.0
9vffq8,1.0
9vffq2,1.0
9vffq0,1.0
9vffmb,1.0
9vffm8,1.0
9vffm2,1.0
9vffm0,1.0
9vffkb,1.0
9vffk8,1.0
9vffk2,1.0
9vffk0,1.0
9vff7b,1.0
9vff78,1.0
9vff72,1.0
9vff70,1.0
9vff71,1.0
9vff74,1.0
9vff75,1.0
9vff7h,1.0
9vff7j,1.0
9vff7n,1.0
9vff7p,1.0
9vffe0,1.0
9vffe1,1.0
9vffe4,1.0
9vffe5,1.0
9vffeh,1.0
9vffej,1.0
9vffen,1.0
9vffep,1.0
9vffg0,1.0
9vffg1,1.0
9vffg4,1.0
9vffg5,1.0
9vffgh,1.0
9vffgj,1.0
9vffgn,1.0
9vffgp,1.0
9vfg50,1.0
9vfg51,1.0
9vfg54,1.0
9vfg4u,1.0
9vfg4v,1.0
9vfg5j,1.0
9vfg5m,1.0
9vfg5t,1.0
9vfg5v,1.0
9vfghj,1.0
9vfghm,1.0
9vfght,1.0
9vfghv,1.0
9vfgjj,1.0
9vfgjm,1.0
9vfgjt,1.0
9vfgjv,1.0
9vfgnj,1.0
9vfgnm,1.0
9vfgnt,1.0
9vfgnv,1.0
9vfgpj,1.0
9vfgpm,1.0
9vfgpt,1.0
9vfgpv,1.0
9vg50j,1.0
9vg50m,1.0
9vg50t,1.0
9vg50v,1.0
9vg51j,1.0
9vg51m,1.0
9vg51t,1.0
9vg51v,1.0
9vg54j,1.0
9vg54m,1.0
9vg54k,1.0
9vg547,1.0
9vg546,1.0
9vg543,1.0
9vg542,1.0
9vg4fr,1.0
9vg4fq,1.0
9vg4fm,1.0
9vg4fk,1.0
9vg4f7,1.0
9vg4f6,1.0
9vg4f3,1.0
9vg4f2,1.0
9vg4dr,1.0
9vg4dq,1.0
9vg4dm,1.0
9vg4dk,1.0
9vg4d7,1.0
9vg4d6,1.0
9vg4d3,1.0
9vg4d2,1.0
9vg46r,1.0
9vg46q,1.0
9vg46m,1.0
9vg46k,1.0
9vg467,1.0
9vg466,1.0
9vg463,1.0
9vg462,1.0
9vg44r,1.0
9vg44p,1.0
9vg41z,1.0
9vg41x,1.0
9vg41r,1.0
9vg41p,1.0
9vg40z,1.0
9vg40x,1.0
9vg40r,1.0
9vg40p,1.0
9vffpz,1.0
9vffpx,1.0
9vffpr,1.0
9vffpp,1.0
9vffnz,1.0
9vffnx,1.0
9vffnr,1.0
9vffnp,1.0
9vffjz,1.0
9vffjx,1.0
9vffjr,1.0
9vffjp,1.0
9vffhz,1.0
9vffhx,1.0
9vffhr,1.0
9vffhp,1.0
9vff5z,1.0
9vff5x,1.0
9vff5r,1.0
9vff5p,1.0
9vff4z,1.0
9vff6b,1.0
9vff6c,1.0
9vff6f,1.0
9vff6g,1.0
9vff6u,1.0
9vff6v,1.0
9vff6y,1.0
9vff6z,1.0
9vffdb,1.0
9vffdc,1.0
9vffdf,1.0
9vffdg,1.0
9vffdu,1.0
9vffdv,1.0
9vffdy,1.0
9vffdz,1.0
9vfffb,1.0
9vfffc,1.0
9vffff,1.0
9vfffg,1.0
9vfffu,1.0
9vfffv,1.0
9vfffy,1.0
9vfffz,1.0
9vfg4b,1.0
9vfg4c,1.0
9vfg4f,1.0
9vfg4g,1.0
9vfg4t,1.0
9vfg4w,1.0
9vfg4y,1.0
9vfg5n,1.0
9vfg5q,1.0
9vfg5w,1.0
9vfg5y,1.0
9vfghn,1.0
9vfghq,1.0
9vfghw,1.0
9vfghy,1.0
9vfgjn,1.0
9vfgjq,1.0
9vfgjw,1.0
9vfgjy,1.0
9vfgnn,1.0
9vfgnq,1.0
9vfgnw,1.0
9vfgny,1.0
9vfgpn,1.0
9vfgpq,1.0
9vfgpw,1.0
9vfgpy,1.0
9vg50n,1.0
9vg50q,1.0
9vg50w,1.0
9vg50y,1.0
9vg51n,1.0
9vg51q,1.0
9vg51w,1.0
9vg51y,1.0
9vg54n,1.0
9vg54q,1.0
9vg54w,1.0
9vg54t,1.0
9vg54s,1.0
9vg54e,1.0
9vg54d,1.0
9vg549,1.0
9vg548,1.0
9vg4fx,1.0
9vg4fw,1.0
9vg4ft,1.0
9vg4fs,1.0
9vg4fe,1.0
9vg4fd,1.0
9vg4f9,1.0
9vg4f8,1.0
9vg4dx,1.0
9vg4dw,1.0
9vg4dt,1.0
9vg4ds,1.0
9vg4de,1.0
9vg4dd,1.0
9vg4d9,1.0
9vg4d8,1.0
9vg46x,1.0
9vg46w,1.0
9vg46t,1.0
9vg46s,1.0
9vg46e,1.0
9vg46d,1.0
9vg469,1.0
9vg468,1.0
9vg44x,1.0
9vg44w,1.0
9vg44q,1.0
9vg44n,1.0
9vg41y,1.0
9vg41w,1.0
9vg41q,1.0
9vg41n,1.0
9vg40y,1.0
9vg40w,1.0
9vg40q,1.0
9vg40n,1.0
9vffpy,1.0
9vffpw,1.0
9vffpq,1.0
9vffpn,1.0
9vffny,1.0
9vffnw,1.0
9vffnq,1.0
9vffnn,1.0
9vffjy,1.0
9vffjw,1.0
9vffjq,1.0
9vffjn,1.0
9vffhy,1.0
9vffhw,1.0
9vffhq,1.0
9vffhn,1.0
9vff5y,1.0
9vff5w,1.0
9vff5q,1.0
9vff5n,1.0
9vff4y,1.0
9vff4w,1.0
9vff4x,1.0
9vff68,1.0
9vff69,1.0
9vff6d,1.0
9vff6e,1.0
9vff6s,1.0
9vff6t,1.0
9vff6w,1.0
9vff6x,1.0
9vffd8,1.0
9vffd9,1.0
9vffdd,1.0
9vffde,1.0
9vffds,1.0
9vffdt,1.0
9vffdw,1.0
9vffdx,1.0
9vfff8,1.0
9vfff9,1.0
9vfffd,1.0
9vfffe,1.0
9vfffs,1.0
9vffft,1.0
9vfffw,1.0
9vfffx,1.0
9vfg48,1.0
9vfg49,1.0
9vfg4d,1.0
9vfg4e,1.0
9vfg4s,1.0
9vfg4q,1.0
9vfg4r,1.0
9vfg4x,1.0
9vfg4z,1.0
9vfg5p,1.0
9vfg5r,1.0
9vfg5x,1.0
9vfg5z,1.0
9vfghp,1.0
9vfghr,1.0
9vfghx,1.0
9vfghz,1.0
9vfgjp,1.0
9vfgjr,1.0
9vfgjx,1.0
9vfgjz,1.0
9vfgnp,1.0
9vfgnr,1.0
9vfgnx,1.0
9vfgnz,1.0
9vfgpp,1.0
9vfgpr,1.0
9vfgpx,1.0
9vfgpz,1.0
9vg50p,1.0
9vg50r,1.0
9vg50x,1.0
9vg50z,1.0
9vg51p,1.0
9vg51r,1.0
9vg51x,1.0
9vg51z,1.0
9vg54p,1.0
9vg54r,1.0
9vg54x,1.0
9vg54z,1.0
9vg54y,1.0
9vg54v,1.0
9vg54u,1.0
9vg54g,1.0
9vg54f,1.0
9vg54c,1.0
9vg54b,1.0
9vg4fz,1.0
9vg4fy,1.0
9vg4fv,1.0
9vg4fu,1.0
9vg4fg,1.0
9vg4ff,1.0
9vg4fc,1.0
9vg4fb,1.0
9vg4dz,1.0
9vg4dy,1.0
9vg4dv,1.0
9vg4du,1.0
9vg4dg,1.0
9vg4df,1.0
9vg4dc,1.0
9vg4db,1.0
9vg46z,1.0
9vg46y,1.0
9vg46v,1.0
9vg46u,1.0
9vg46g,1.0
9vg46f,1.0
9vg46c,1.0
9vg46b,1.0
9vg44z,1.0
9vg44y,1.0
9vg44v,1.0
9vg44t,1.0
9vg44m,1.0
9vg44j,1.0
9vg41v,1.0
9vg41t,1.0
9vg41m,1.0
9vg41j,1.0
9vg40v,1.0
9vg40t,1.0
9vg40m,1.0
9vg40j,1.0
9vffpv,1.0
9vffpt,1.0
9vffpm,1.0
9vffpj,1.0
9vffnv,1.0
9vffnt,1.0
9vffnm,1.0
9vffnj,1.0
9vffjv,1.0
9vffjt,1.0
9vffjm,1.0
9vffjj,1.0
9vffhv,1.0
9vffht,1.0
9vffhm,1.0
9vffhj,1.0
9vff5v,1.0
9vff5t,1.0
9vff5m,1.0
9vff5j,1.0
9vff4v,1.0
9vff4t,1.0
9vff4m,1.0
9vff4q,1.0
9vff4r,1.0
9vff62,1.0
9vff63,1.0
9vff66,1.0
9vff67,1.0
9vff6k,1.0
9vff6m,1.0
9vff6q,1.0
9vff6r,1.0
9vffd2,1.0
9vffd3,1.0
9vffd6,1.0
9vffd7,1.0
9vffdk,1.0
9vffdm,1.0
9vffdq,1.0
9vffdr,1.0
9vfff2,1.0
9vfff3,1.0
9vfff6,1.0
9vfff7,1.0
9vfffk,1.0
9vfffm,1.0
9vfffq,1.0
9vfffr,1.0
9vfg42,1.0
9vfg43,1.0
9vfg46,1.0
9vfg47,1.0
9vfg4k,1.0
9vfg4m,1.0
9vfg4p,1.0
9vfg60,1.0
9vfg62,1.0
9vfg68,1.0
9vfg6b,1.0
9vfg70,1.0
9vfg72,1.0
9vfg78,1.0
9vfg7b,1.0
9vfgk0,1.0
9vfgk2,1.0
9vfgk8,1.0
9vfgkb,1.0
9vfgm0,1.0
9vfgm2,1.0
9vfgm8,1.0
9vfgmb,1.0
9vfgq0,1.0
9vfgq2,1.0
9vfgq8,1.0
9vfgqb,1.0
9vfgr0,1.0
9vfgr2,1.0
9vfgr8,1.0
9vfgrb,1.0
9vg520,1.0
9vg522,1.0
9vg528,1.0
9vg52b,1.0
9vg530,1.0
9vg532,1.0
9vg538,1.0
9vg53b,1.0
9vg560,1.0
9vg562,1.0
9vg568,1.0
9vg56b,1.0
9vg570,1.0
9vg55p,1.0
9vg55n,1.0
9vg55j,1.0
9vg55h,1.0
9vg555,1.0
9vg554,1.0
9vg551,1.0
9vg550,1.0
9vg4gp,1.0
9vg4gn,1.0
9vg4gj,1.0
9vg4gh,1.0
9vg4g5,1.0
9vg4g4,1.0
9vg4g1,1.0
9vg4g0,1.0
9vg4ep,1.0
9vg4en,1.0
9vg4ej,1.0
9vg4eh,1.0
9vg4e5,1.0
9vg4e4,1.0
9vg4e1,1.0
9vg4e0,1.0
9vg47p,1.0
9vg47n,1.0
9vg47j,1.0
9vg47h,1.0
9vg475,1.0
9vg474,1.0
9vg471,1.0
9vg470,1.0
9vg45p,1.0
9vg45n,1.0
9vg45j,1.0
9vg45h,1.0
9vg44u,1.0
9vg44s,1.0
9vg44k,1.0
9vg44h,1.0
9vg41u,1.0
9vg41s,1.0
9vg41k,1.0
9vg41h,1.0
9vg40u,1.0
9vg40s,1.0
9vg40k,1.0
9vg40h,1.0
9vffpu,1.0
9vffps,1.0
9vffpk,1.0
9vffph,1.0
9vffnu,1.0
9vffns,1.0
9vffnk,1.0
9vffnh,1.0
9vffju,1.0
9vffjs,1.0
9vffjk,1.0
9vffjh,1.0
9vffhu,1.0
9vffhs,1.0
9vffhk,1.0
9vffhh,1.0
9vff5u,1.0
9vff5s,1.0
9vff5k,1.0
9vff5h,1.0
9vff4u,1.0
9vff4s,1.0
9vff4k,1.0
9vff4h,1.0
9vff4j,1.0
9vff4n,1.0
9vff4p,1.0
9vff60,1.0
9vff61,1.0
9vff64,1.0
9vff65,1.0
9vff6h,1.0
9vff6j,1.0
9vff6n,1.0
9vff6p,1.0
9vffd0,1.0
9vffd1,1.0
9vffd4,1.0
9vffd5,1.0
9vffdh,1.0
9vffdj,1.0
9vffdn,1.0
9vffdp,1.0
9vfff0,1.0
9vfff1,1.0
9vfff4,1.0
9vfff5,1.0
9vfffh,1.0
9vfffj,1.0
9vfffn,1.0
9vfffp,1.0
9vfg40,1.0
9vfg41,1.0
9vfg44,1.0
9vfg45,1.0
9vfg4h,1.0
9vfg4j,1.0
9vfg4n,1.0
9vfg3b,1.0
9vfg3c,1.0
9vfg61,1.0
9vfg63,1.0
9vfg69,1.0
9vfg6c,1.0
9vfg71,1.0
9vfg73,1.0
9vfg79,1.0
9vfg7c,1.0
9vfgk1,1.0
9vfgk3,1.0
9vfgk9,1.0
9vfgkc,1.0
9vfgm1,1.0
9vfgm3,1.0
9vfgm9,1.0
9vfgmc,1.0
9vfgq1,1.0
9vfgq3,1.0
9vfgq9,1.0
9vfgqc,1.0
9vfgr1,1.0
9vfgr3,1.0
9vfgr9,1.0
9vfgrc,1.0
9vg521,1.0
9vg523,1.0
9vg529,1.0
9vg52c,1.0
9vg531,1.0
9vg533,1.0
9vg539,1.0
9vg53c,1.0
9vg561,1.0
9vg563,1.0
9vg569,1.0
9vg56c,1.0
9vg571,1.0
9vg573,1.0
9vg572,1.0
9vg55r,1.0
9vg55q,1.0
9vg55m,1.0
9vg55k,1.0
9vg557,1.0
9vg556,1.0
9vg553,1.0
9vg552,1.0
9vg4gr,1.0
9vg4gq,1.0
9vg4gm,1.0
9vg4gk,1.0
9vg4g7,1.0
9vg4g6,1.0
9vg4g3,1.0
9vg4g2,1.0
9vg4er,1.0
9vg4eq,1.0
9vg4em,1.0
9vg4ek,1.0
9vg4e7,1.0
9vg4e6,1.0
9vg4e3,1.0
9vg4e2,1.0
9vg47r,1.0
9vg47q,1.0
9vg47m,1.0
9vg47k,1.0
9vg477,1.0
9vg476,1.0
9vg473,1.0
9vg472,1.0
9vg45r,1.0
9vg45q,1.0
9vg45m,1.0
9vg45k,1.0
9vg457,1.0
9vg455,1.0
9vg44g,1.0
9vg44e,1.0
9vg447,1.0
9vg445,1.0
9vg41g,1.0
9vg41e,1.0
9vg417,1.0
9vg415,1.0
9vg40g,1.0
9vg40e,1.0
9vg407,1.0
9vg405,1.0
9vffpg,1.0
9vffpe,1.0
9vffp7,1.0
9vffp5,1.0
9vffng,1.0
9vffne,1.0
9vffn7,1.0
9vffn5,1.0
9vffjg,1.0
9vffje,1.0
9vffj7,1.0
9vffj5,1.0
9vffhg,1.0
9vffhe,1.0
9vffh7,1.0
9vffh5,1.0
9vff5g,1.0
9vff5e,1.0
9vff57,1.0
9vff55,1.0
9vff4g,1.0
9vff4e,1.0
9vff47,1.0
9vff45,1.0
9vff1g,1.0
9vff1u,1.0
9vff1v,1.0
9vff1y,1.0
9vff1z,1.0
9vff3b,1.0
9vff3c,1.0
9vff3f,1.0
9vff3g,1.0
9vff3u,1.0
9vff3v,1.0
9vff3y,1.0
9vff3z,1.0
9vff9b,1.0
9vff9c,1.0
9vff9f,1.0
9vff9g,1.0
9vff9u,1.0
9vff9v,1.0
9vff9y,1.0
9vff9z,1.0
9vffcb,1.0
9vffcc,1.0
9vffcf,1.0
9vffcg,1.0
9vffcu,1.0
9vffcv,1.0
9vffcy,1.0
9vffcz,1.0
9vfg1b,1.0
9vfg1c,1.0
9vfg1f,1.0
9vfg1g,1.0
9vfg1u,1.0
9vfg1v,1.0
9vfg1y,1.0
9vfg1z,1.0
9vfg39,1.0
9vfg3d,1.0
9vfg3f,1.0
9vfg64,1.0
9vfg66,1.0
9vfg6d,1.0
9vfg6f,1.0
9vfg74,1.0
9vfg76,1.0
9vfg7d,1.0
9vfg7f,1.0
9vfgk4,1.0
9vfgk6,1.0
9vfgkd,1.0
9vfgkf,1.0
9vfgm4,1.0
9vfgm6,1.0
9vfgmd,1.0
9vfgmf,1.0
9vfgq4,1.0
9vfgq6,1.0
9vfgqd,1.0
9vfgqf,1.0
9vfgr4,1.0
9vfgr6,1.0
9vfgrd,1.0
9vfgrf,1.0
9vg524,1.0
9vg526,1.0
9vg52d,1.0
9vg52f,1.0
9vg534,1.0
9vg536,1.0
9vg53d,1.0
9vg53f,1.0
9vg564,1.0
9vg566,1.0
9vg56d,1.0
9vg56f,1.0
9vg574,1.0
9vg576,1.0
9vg57d,1.0
9vg579,1.0
9vg578,1.0
9vg55x,1.0
9vg55w,1.0
9vg55t,1.0
9vg55s,1.0
9vg55e,1.0
9vg55d,1.0
9vg559,1.0
9vg558,1.0
9vg4gx,1.0
9vg4gw,1.0
9vg4gt,1.0
9vg4gs,1.0
9vg4ge,1.0
9vg4gd,1.0
9vg4g9,1.0
9vg4g8,1.0
9vg4ex,1.0
9vg4ew,1.0
9vg4et,1.0
9vg4es,1.0
9vg4ee,1.0
9vg4ed,1.0
9vg4e9,1.0
9vg4e8,1.0
9vg47x,1.0
9vg47w,1.0
9vg47t,1.0
9vg47s,1.0
9vg47e,1.0
9vg47d,1.0
9vg479,1.0
9vg478,1.0
9vg45x,1.0
9vg45w,1.0
9vg45t,1.0
9vg45s,1.0
9vg45e,1.0
9vg45d,1.0
9vg456,1.0
9vg454,1.0
9vg44f,1.0
9vg44d,1.0
9vg446,1.0
9vg444,1.0
9vg41f,1.0
9vg41d,1.0
9vg416,1.0
9vg414,1.0
9vg40f,1.0
9vg40d,1.0
9vg406,1.0
9vg404,1.0
9vffpf,1.0
9vffpd,1.0
9vffp6,1.0
9vffp4,1.0
9vffnf,1.0
9vffnd,1.0
9vffn6,1.0
9vffn4,1.0
9vffjf,1.0
9vffjd,1.0
9vffj6,1.0
9vffj4,1.0
9vffhf,1.0
9vffhd,1.0
9vffh6,1.0
9vffh4,1.0
9vff5f,1.0
9vff5d,1.0
9vff56,1.0
9vff54,1.0
9vff4f,1.0
9vff4d,1.0
9vff46,1.0
9vff44,1.0
9vff1f,1.0
9vff1d,1.0
9vff1e,1.0
9vff1s,1.0
9vff1t,1.0
9vff1w,1.0
9vff1x,1.0
9vff38,1.0
9vff39,1.0
9vff3d,1.0
9vff3e,1.0
9vff3s,1.0
9vff3t,1.0
9vff3w,1.0
9vff3x,1.0
9vff98,1.0
9vff99,1.0
9vff9d,1.0
9vff9e,1.0
9vff9s,1.0
9vff9t,1.0
9vff9w,1.0
9vff9x,1.0
9vffc8,1.0
9vffc9,1.0
9vffcd,1.0
9vffce,1.0
9vffcs,1.0
9vffct,1.0
9vffcw,1.0
9vffcx,1.0
9vfg18,1.0
9vfg19,1.0
9vfg1d,1.0
9vfg1e,1.0
9vfg1s,1.0
9vfg1t,1.0
9vfg1w,1.0
9vfg1x,1.0
9vfg38,1.0
9vfg36,1.0
9vfg37,1.0
9vfg3e,1.0
9vfg3g,1.0
9vfg65,1.0
9vfg67,1.0
9vfg6e,1.0
9vfg6g,1.0
9vfg75,1.0
9vfg77,1.0
9vfg7e,1.0
9vfg7g,1.0
9vfgk5,1.0
9vfgk7,1.0
9vfgke,1.0
9vfgkg,1.0
9vfgm5,1.0
9vfgm7,1.0
9vfgme,1.0
9vfgmg,1.0
9vfgq5,1.0
9vfgq7,1.0
9vfgqe,1.0
9vfgqg,1.0
9vfgr5,1.0
9vfgr7,1.0
9vfgre,1.0
9vfgrg,1.0
9vg525,1.0
9vg527,1.0
9vg52e,1.0
9vg52g,1.0
9vg535,1.0
9vg537,1.0
9vg53e,1.0
9vg53g,1.0
9vg565,1.0
9vg567,1.0
9vg56e,1.0
9vg56g,1.0
9vg575,1.0
9vg577,1.0
9vg57e,1.0
9vg57g,1.0
9vg57f,1.0
9vg57c,1.0
9vg57b,1.0
9vg55z,1.0
9vg55y,1.0
9vg55v,1.0
9vg55u,1.0
9vg55g,1.0
9vg55f,1.0
9vg55c,1.0
9vg55b,1.0
9vg4gz,1.0
9vg4gy,1.0
9vg4gv,1.0
9vg4gu,1.0
9vg4gg,1.0
9vg4gf,1.0
9vg4gc,1.0
9vg4gb,1.0
9vg4ez,1.0
9vg4ey,1.0
9vg4ev,1.0
9vg4eu,1.0
9vg4eg,1.0
9vg4ef,1.0
9vg4ec,1.0
9vg4eb,1.0
9vg47z,1.0
9vg47y,1.0
9vg47v,1.0
9vg47u,1.0
9vg47g,1.0
9vg47f,1.0
9vg47c,1.0
9vg47b,1.0
9vg45z,1.0
9vg45y,1.0
9vg45v,1.0
9vg45u,1.0
9vg45g,1.0
9vg45f,1.0
9vg45c,1.0
9vg459,1.0
9vg453,1.0
9vg451,1.0
9vg44c,1.0
9vg449,1.0
9vg443,1.0
9vg441,1.0
9vg41c,1.0
9vg419,1.0
9vg413,1.0
9vg411,1.0
9vg40c,1.0
9vg409,1.0
9vg403,1.0
9vg401,1.0
9vffpc,1.0
9vffp9,1.0
9vffp3,1.0
9vffp1,1.0
9vffnc,1.0
9vffn9,1.0
9vffn3,1.0
9vffn1,1.0
9vffjc,1.0
9vffj9,1.0
9vffj3,1.0
9vffj1,1.0
9vffhc,1.0
9vffh9,1.0
9vffh3,1.0
9vffh1,1.0
9vff5c,1.0
9vff59,1.0
9vff53,1.0
9vff51,1.0
9vff4c,1.0
9vff49,1.0
9vff43,1.0
9vff41,1.0
9vff1c,1.0
9vff19,1.0
9vff13,1.0
9vff16,1.0
9vff17,1.0
9vff1k,1.0
9vff1m,1.0
9vff1q,1.0
9vff1r,1.0
9vff32,1.0
9vff33,1.0
9vff36,1.0
9vff37,1.0
9vff3k,1.0
9vff3m,1.0
9vff3q,1.0
9vff3r,1.0
9vff92,1.0
9vff93,1.0
9vff96,1.0
9vff97,1.0
9vff9k,1.0
9vff9m,1.0
9vff9q,1.0
9vff9r,1.0
9vffc2,1.0
9vffc3,1.0
9vffc6,1.0
9vffc7,1.0
9vffck,1.0
9vffcm,1.0
9vffcq,1.0
9vffcr,1.0
9vfg12,1.0
9vfg13,1.0
9vfg16,1.0
9vfg17,1.0
9vfg1k,1.0
9vfg1m,1.0
9vfg1q,1.0
9vfg1r,1.0
9vfg32,1.0
9vfg33,1.0
9vfg35,1.0
9vfg3h,1.0
9vfg3k,1.0
9vfg3s,1.0
9vfg3u,1.0
9vfg6h,1.0
9vfg6k,1.0
9vfg6s,1.0
9vfg6u,1.0
9vfg7h,1.0
9vfg7k,1.0
9vfg7s,1.0
9vfg7u,1.0
9vfgkh,1.0
9vfgkk,1.0
9vfgks,1.0
9vfgku,1.0
9vfgmh,1.0
9vfgmk,1.0
9vfgms,1.0
9vfgmu,1.0
9vfgqh,1.0
9vfgqk,1.0
9vfgqs,1.0
9vfgqu,1.0
9vfgrh,1.0
9vfgrk,1.0
9vfgrs,1.0
9vfgru,1.0
9vg52h,1.0
9vg52k,1.0
9vg52s,1.0
9vg52u,1.0
9vg53h,1.0
9vg53k,1.0
9vg53s,1.0
9vg53u,1.0
9vg56h,1.0
9vg56k,1.0
9vg56s,1.0
9vg56u,1.0
9vg57h,1.0
9vg57k,1.0
9vg57s,1.0
9vg57u,1.0
9vg5kh,1.0
9vg5k5,1.0
9vg5k4,1.0
9vg5k1,1.0
9vg5k0,1.0
9vg5hp,1.0
9vg5hn,1.0
9vg5hj,1.0
9vg5hh,1.0
9vg5h5,1.0
9vg5h4,1.0
9vg5h1,1.0
9vg5h0,1.0
9vg4up,1.0
9vg4un,1.0
9vg4uj,1.0
9vg4uh,1.0
9vg4u5,1.0
9vg4u4,1.0
9vg4u1,1.0
9vg4u0,1.0
9vg4sp,1.0
9vg4sn,1.0
9vg4sj,1.0
9vg4sh,1.0
9vg4s5,1.0
9vg4s4,1.0
9vg4s1,1.0
9vg4s0,1.0
9vg4kp,1.0
9vg4kn,1.0
9vg4kj,1.0
9vg4kh,1.0
9vg4k5,1.0
9vg4k4,1.0
9vg4k1,1.0
9vg4k0,1.0
9vg4hp,1.0
9vg4hn,1.0
9vg4hj,1.0
9vg4hh,1.0
9vg4h5,1.0
9vg4h4,1.0
9vg4h1,1.0
9vg4h0,1.0
9vg45b,1.0
9vg458,1.0
9vg452,1.0
9vg450,1.0
9vg44b,1.0
9vg448,1.0
9vg442,1.0
9vg440,1.0
9vg41b,1.0
9vg418,1.0
9vg412,1.0
9vg410,1.0
9vg40b,1.0
9vg408,1.0
9vg402,1.0
9vg400,1.0
9vffpb,1.0
9vffp8,1.0
9vffp2,1.0
9vffp0,1.0
9vffnb,1.0
9vffn8,1.0
9vffn2,1.0
9vffn0,1.0
9vffjb,1.0
9vffj8,1.0
9vffj2,1.0
9vffj0,1.0
9vffhb,1.0
9vffh8,1.0
9vffh2,1.0
9vffh0,1.0
9vff5b,1.0
9vff58,1.0
9vff52,1.0
9vff50,1.0
9vff4b,1.0
9vff48,1.0
9vff42,1.0
9vff40,1.0
9vff1b,1.0
9vff18,1.0
9vff12,1.0
9vff10,1.0
9vff11,1.0
9vff14,1.0
9vff15,1.0
9vff1h,1.0
9vff1j,1.0
9vff1n,1.0
9vff1p,1.0
9vff30,1.0
9vff31,1.0
9vff34,1.0
9vff35,1.0
9vff3h,1.0
9vff3j,1.0
9vff3n,1.0
9vff3p,1.0
9vff90,1.0
9vff91,1.0
9vff94,1.0
9vff95,1.0
9vff9h,1.0
9vff9j,1.0
9vff9n,1.0
9vff9p,1.0
9vffc0,1.0
9vffc1,1.0
9vffc4,1.0
9vffc5,1.0
9vffch,1.0
9vffcj,1.0
9vffcn,1.0
9vffcp,1.0
9vfg10,1.0
9vfg11,1.0
9vfg14,1.0
9vfg15,1.0
9vfg1h,1.0
9vfg1j,1.0
9vfg1n,1.0
9vfg1p,1.0
9vfg30,1.0
9vfg31,1.0
9vfg34,1.0
9vfg2u,1.0
9vfg2v,1.0
9vfg3j,1.0
9vfg3m,1.0
9vfg3t,1.0
9vfg3v,1.0
9vfg6j,1.0
9vfg6m,1.0
9vfg6t,1.0
9vfg6v,1.0
9vfg7j,1.0
9vfg7m,1.0
9vfg7t,1.0
9vfg7v,1.0
9vfgkj,1.0
9vfgkm,1.0
9vfgkt,1.0
9vfgkv,1.0
9vfgmj,1.0
9vfgmm,1.0
9vfgmt,1.0
9vfgmv,1.0
9vfgqj,1.0
9vfgqm,1.0
9vfgqt,1.0
9vfgqv,1.0
9vfgrj,1.0
9vfgrm,1.0
9vfgrt,1.0
9vfgrv,1.0
9vg52j,1.0
9vg52m,1.0
9vg52t,1.0
9vg52v,1.0
9vg53j,1.0
9vg53m,1.0
9vg53t,1.0
9vg53v,1.0
9vg56j,1.0
9vg56m,1.0
9vg56t,1.0
9vg56v,1.0
9vg57j,1.0
9vg57m,1.0
9vg57t,1.0
9vg57v,1.0
9vg5kj,1.0
9vg5km,1.0
9vg5kk,1.0
9vg5k7,1.0
9vg5k6,1.0
9vg5k3,1.0
9vg5k2,1.0
9vg5hr,1.0
9vg5hq,1.0
9vg5hm,1.0
9vg5hk,1.0
9vg5h7,1.0
9vg5h6,1.0
9vg5h3,1.0
9vg5h2,1.0
9vg4ur,1.0
9vg4uq,1.0
9vg4um,1.0
9vg4uk,1.0
9vg4u7,1.0
9vg4u6,1.0
9vg4u3,1.0
9vg4u2,1.0
9vg4sr,1.0
9vg4sq,1.0
9vg4sm,1.0
9vg4sk,1.0
9vg4s7,1.0
9vg4s6,1.0
9vg4s3,1.0
9vg4s2,1.0
9vg4kr,1.0
9vg4kq,1.0
9vg4km,1.0
9vg4kk,1.0
9vg4k7,1.0
9vg4k6,1.0
9vg4k3,1.0
9vg4k2,1.0
9vg4hr,1.0
9vg4hq,1.0
9vg4hm,1.0
9vg4hk,1.0
9vg4h7,1.0
9vg4h6,1.0
9vg4h3,1.0
9vg4h2,1.0
9vg1ur,1.0
9vg1up,1.0
9vg1gz,1.0
9vg1gx,1.0
9vg1gr,1.0
9vg1gp,1.0
9vg1fz,1.0
9vg1fx,1.0
9vg1fr,1.0
9vg1fp,1.0
9vg1cz,1.0
9vg1cx,1.0
9vg1cr,1.0
9vg1cp,1.0
9vg1bz,1.0
9vg1bx,1.0
9vg1br,1.0
9vg1bp,1.0
9vfczz,1.0
9vfczx,1.0
9vfczr,1.0
9vfczp,1.0
9vfcyz,1.0
9vfcyx,1.0
9vfcyr,1.0
9vfcyp,1.0
9vfcvz,1.0
9vfcvx,1.0
9vfcvr,1.0
9vfcvp,1.0
9vfcuz,1.0
9vfcux,1.0
9vfcur,1.0
9vfcup,1.0
9vfcgz,1.0
9vfcgx,1.0
9vfcgr,1.0
9vfcgp,1.0
9vfcfz,1.0
9vfcfx,1.0
9vfcfr,1.0
9vfcfp,1.0
9vfccz,1.0
9vfccx,1.0
9vfccr,1.0
9vfccp,1.0
9vfcbz,1.0
9vff0b,1.0
9vff0c,1.0
9vff0f,1.0
9vff0g,1.0
9vff0u,1.0
9vff0v,1.0
9vff0y,1.0
9vff0z,1.0
9vff2b,1.0
9vff2c,1.0
9vff2f,1.0
9vff2g,1.0
9vff2u,1.0
9vff2v,1.0
9vff2y,1.0
9vff2z,1.0
9vff8b,1.0
9vff8c,1.0
9vff8f,1.0
9vff8g,1.0
9vff8u,1.0
9vff8v,1.0
9vff8y,1.0
9vff8z,1.0
9vffbb,1.0
9vffbc,1.0
9vffbf,1.0
9vffbg,1.0
9vffbu,1.0
9vffbv,1.0
9vffby,1.0
9vffbz,1.0
9vfg0b,1.0
9vfg0c,1.0
9vfg0f,1.0
9vfg0g,1.0
9vfg0u,1.0
9vfg0v,1.0
9vfg0y,1.0
9vfg0z,1.0
9vfg2b,1.0
9vfg2c,1.0
9vfg2f,1.0
9vfg2g,1.0
9vfg2t,1.0
9vfg2w,1.0
9vfg2y,1.0
9vfg3n,1.0
9vfg3q,1.0
9vfg3w,1.0
9vfg3y,1.0
9vfg6n,1.0
9vfg6q,1.0
9vfg6w,1.0
9vfg6y,1.0
9vfg7n,1.0
9vfg7q,1.0
9vfg7w,1.0
9vfg7y,1.0
9vfgkn,1.0
9vfgkq,1.0
9vfgkw,1.0
9vfgky,1.0
9vfgmn,1.0
9vfgmq,1.0
9vfgmw,1.0
9vfgmy,1.0
9vfgqn,1.0
9vfgqq,1.0
9vfgqw,1.0
9vfgqy,1.0
9vfgrn,1.0
9vfgrq,1.0
9vfgrw,1.0
9vfgry,1.0
9vg52n,1.0
9vg52q,1.0
9vg52w,1.0
9vg52y,1.0
9vg53n,1.0
9vg53q,1.0
9vg53w,1.0
9vg53y,1.0
9vg56n,1.0
9vg56q,1.0
9vg56w,1.0
9vg56y,1.0
9vg57n,1.0
9vg57q,1.0
9vg57w,1.0
9vg57y,1.0
9vg5kn,1.0
9vg5kq,1.0
9vg5kw,1.0
9vg5kt,1.0
9vg5ks,1.0
9vg5ke,1.0
9vg5kd,1.0
9vg5k9,1.0
9vg5k8,1.0
9vg5hx,1.0
9vg5hw,1.0
9vg5ht,1.0
9vg5hs,1.0
9vg5he,1.0
9vg5hd,1.0
9vg5h9,1.0
9vg5h8,1.0
9vg4ux,1.0
9vg4uw,1.0
9vg4ut,1.0
9vg4us,1.0
9vg4ue,1.0
9vg4ud,1.0
9vg4u9,1.0
9vg4u8,1.0
9vg4sx,1.0
9vg4sw,1.0
9vg4st,1.0
9vg4ss,1.0
9vg4se,1.0
9vg4sd,1.0
9vg4s9,1.0
9vg4s8,1.0
9vg4kx,1.0
9vg4kw,1.0
9vg4kt,1.0
9vg4ks,1.0
9vg4ke,1.0
9vg4kd,1.0
9vg4k9,1.0
9vg4k8,1.0
9vg4hx,1.0
9vg4hw,1.0
9vg4ht,1.0
9vg4hs,1.0
9vg4he,1.0
9vg4hd,1.0
9vg4h9,1.0
9vg4h8,1.0
9vg1ux,1.0
9vg1uw,1.0
9vg1uq,1.0
9vg1un,1.0
9vg1gy,1.0
9vg1gw,1.0
9vg1gq,1.0
9vg1gn,1.0
9vg1fy,1.0
9vg1fw,1.0
9vg1fq,1.0
9vg1fn,1.0
9vg1cy,1.0
9vg1cw,1.0
9vg1cq,1.0
9vg1cn,1.0
9vg1by,1.0
9vg1bw,1.0
9vg1bq,1.0
9vg1bn,1.0
9vfczy,1.0
9vfczw,1.0
9vfczq,1.0
9vfczn,1.0
9vfcyy,1.0
9vfcyw,1.0
9vfcyq,1.0
9vfcyn,1.0
9vfcvy,1.0
9vfcvw,1.0
9vfcvq,1.0
9vfcvn,1.0
9vfcuy,1.0
9vfcuw,1.0
9vfcuq,1.0
9vfcun,1.0
9vfcgy,1.0
9vfcgw,1.0
9vfcgq,1.0
9vfcgn,1.0
9vfcfy,1.0
9vfcfw,1.0
9vfcfq,1.0
9vfcfn,1.0
9vfccy,1.0
9vfccw,1.0
9vfccq,1.0
9vfccn,1.0
9vfcby,1.0
9vfcbw,1.0
9vfcbx,1.0
9vff08,1.0
9vff09,1.0
9vff0d,1.0
9vff0e,1.0
9vff0s,1.0
9vff0t,1.0
9vff0w,1.0
9vff0x,1.0
9vff28,1.0
9vff29,1.0
9vff2d,1.0
9vff2e,1.0
9vff2s,1.0
9vff2t,1.0
9vff2w,1.0
9vff2x,1.0
9vff88,1.0
9vff89,1.0
9vff8d,1.0
9vff8e,1.0
9vff8s,1.0
9vff8t,1.0
9vff8w,1.0
9vff8x,1.0
9vffb8,1.0
9vffb9,1.0
9vffbd,1.0
9vffbe,1.0
9vffbs,1.0
9vffbt,1.0
9vffbw,1.0
9vffbx,1.0
9vfg08,1.0
9vfg09,1.0
9vfg0d,1.0
9vfg0e,1.0
9vfg0s,1.0
9vfg0t,1.0
9vfg0w,1.0
9vfg0x,1.0
9vfg28,1.0
9vfg29,1.0
9vfg2d,1.0
9vfg2e,1.0
9vfg2s,1.0
9vfg2q,1.0
9vfg2r,1.0
9vfg2x,1.0
9vfg2z,1.0
9vfg3p,1.0
9vfg3r,1.0
9vfg3x,1.0
9vfg3z,1.0
9vfg6p,1.0
9vfg6r,1.0
9vfg6x,1.0
9vfg6z,1.0
9vfg7p,1.0
9vfg7r,1.0
9vfg7x,1.0
9vfg7z,1.0
9vfgkp,1.0
9vfgkr,1.0
9vfgkx,1.0
9vfgkz,1.0
9vfgmp,1.0
9vfgmr,1.0
9vfgmx,1.0
9vfgmz,1.0
9vfgqp,1.0
9vfgqr,1.0
9vfgqx,1.0
9vfgqz,1.0
9vfgrp,1.0
9vfgrr,1.0
9vfgrx,1.0
9vfgrz,1.0
9vg52p,1.0
9vg52r,1.0
9vg52x,1.0
9vg52z,1.0
9vg53p,1.0
9vg53r,1.0
9vg53x,1.0
9vg53z,1.0
9vg56p,1.0
9vg56r,1.0
9vg56x,1.0
9vg56z,1.0
9vg57p,1.0
9vg57r,1.0
9vg57x,1.0
9vg57z,1.0
9vg5kp,1.0
9vg5kr,1.0
9vg5kx,1.0
9vg5kz,1.0
9vg5ky,1.0
9vg5kv,1.0
9vg5ku,1.0
9vg5kg,1.0
9vg5kf,1.0
9vg5kc,1.0
9vg5kb,1.0
9vg5hz,1.0
9vg5hy,1.0
9vg5hv,1.0
9vg5hu,1.0
9vg5hg,1.0
9vg5hf,1.0
9vg5hc,1.0
9vg5hb,1.0
9vg4uz,1.0
9vg4uy,1.0
9vg4uv,1.0
9vg4uu,1.0
9vg4ug,1.0
9vg4uf,1.0
9vg4uc,1.0
9vg4ub,1.0
9vg4sz,1.0
9vg4sy,1.0
9vg4sv,1.0
9vg4su,1.0
9vg4sg,1.0
9vg4sf,1.0
9vg4sc,1.0
9vg4sb,1.0
9vg4kz,1.0
9vg4ky,1.0
9vg4kv,1.0
9vg4ku,1.0
9vg4kg,1.0
9vg4kf,1.0
9vg4kc,1.0
9vg4kb,1.0
9vg4hz,1.0
9vg4hy,1.0
9vg4hv,1.0
9vg4hu,1.0
9vg4hg,1.0
9vg4hf,1.0
9vg4hc,1.0
9vg4hb,1.0
9vg1uz,1.0
9vg1uy,1.0
9vg1uv,1.0
9vg1ut,1.0
9vg1um,1.0
9vg1uj,1.0
9vg1gv,1.0
9vg1gt,1.0
9vg1gm,1.0
9vg1gj,1.0
9vg1fv,1.0
9vg1ft,1.0
9vg1fm,1.0
9vg1fj,1.0
9vg1cv,1.0
9vg1ct,1.0
9vg1cm,1.0
9vg1cj,1.0
9vg1bv,1.0
9vg1bt,1.0
9vg1bm,1.0
9vg1bj,1.0
9vfczv,1.0
9vfczt,1.0
9vfczm,1.0
9vfczj,1.0
9vfcyv,1.0
9vfcyt,1.0
9vfcym,1.0
9vfcyj,1.0
9vfcvv,1.0
9vfcvt,1.0
9vfcvm,1.0
9vfcvj,1.0
9vfcuv,1.0
9vfcut,1.0
9vfcum,1.0
9vfcuj,1.0
9vfcgv,1.0
9vfcgt,1.0
9vfcgm,1.0
9vfcgj,1.0
9vfcfv,1.0
9vfcft,1.0
9vfcfm,1.0
9vfcfj,1.0
9vfccv,1.0
9vfcct,1.0
9vfccm,1.0
9vfccj,1.0
9vfcbv,1.0
9vfcbt,1.0
9vfcbm,1.0
9vfcbq,1.0
9vfcbr,1.0
9vff02,1.0
9vff03,1.0
9vff06,1.0
9vff07,1.0
9vff0k,1.0
9vff0m,1.0
9vff0q,1.0
9vff0r,1.0
9vff22,1.0
9vff23,1.0
9vff26,1.0
9vff27,1.0
9vff2k,1.0
9vff2m,1.0
9vff2q,1.0
9vff2r,1.0
9vff82,1.0
9vff83,1.0
9vff86,1.0
9vff87,1.0
9vff8k,1.0
9vff8m,1.0
9vff8q,1.0
9vff8r,1.0
9vffb2,1.0
9vffb3,1.0
9vffb6,1.0
9vffb7,1.0
9vffbk,1.0
9vffbm,1.0
9vffbq,1.0
9vffbr,1.0
9vfg02,1.0
9vfg03,1.0
9vfg06,1.0
9vfg07,1.0
9vfg0k,1.0
9vfg0m,1.0
9vfg0q,1.0
9vfg0r,1.0
9vfg22,1.0
9vfg23,1.0
9vfg26,1.0
9vfg27,1.0
9vfg2k,1.0
9vfg2m,1.0
9vfg2p,1.0
9vfg80,1.0
9vfg82,1.0
9vfg88,1.0
9vfg8b,1.0
9vfg90,1.0
9vfg92,1.0
9vfg98,1.0
9vfg9b,1.0
9vfgd0,1.0
9vfgd2,1.0
9vfgd8,1.0
9vfgdb,1.0
9vfge0,1.0
9vfge2,1.0
9vfge8,1.0
9vfgeb,1.0
9vfgs0,1.0
9vfgs2,1.0
9vfgs8,1.0
9vfgsb,1.0
9vfgt0,1.0
9vfgt2,1.0
9vfgt8,1.0
9vfgtb,1.0
9vfgw0,1.0
9vfgw2,1.0
9vfgw8,1.0
9vfgwb,1.0
9vfgx0,1.0
9vfgx2,1.0
9vfgx8,1.0
9vfgxb,1.0
9vg580,1.0
9vg582,1.0
9vg588,1.0
9vg58b,1.0
9vg590,1.0
9vg592,1.0
9vg598,1.0
9vg59b,1.0
9vg5d0,1.0
9vg5d2,1.0
9vg5d8,1.0
9vg5db,1.0
9vg5e0,1.0
9vg5e2,1.0
9vg5e8,1.0
9vg5eb,1.0
9vg5s0,1.0
9vg5s2,1.0
9vg5s8,1.0
9vg5sb,1.0
9vg5t0,1.0
9vg5mp,1.0
9vg5mn,1.0
9vg5mj,1.0
9vg5mh,1.0
9vg5m5,1.0
9vg5m4,1.0
9vg5m1,1.0
9vg5m0,1.0
9vg5jp,1.0
9vg5jn,1.0
9vg5jj,1.0
9vg5jh,1.0
9vg5j5,1.0
9vg5j4,1.0
9vg5j1,1.0
9vg5j0,1.0
9vg4vp,1.0
9vg4vn,1.0
9vg4vj,1.0
9vg4vh,1.0
9vg4v5,1.0
9vg4v4,1.0
9vg4v1,1.0
9vg4v0,1.0
9vg4tp,1.0
9vg4tn,1.0
9vg4tj,1.0
9vg4th,1.0
9vg4t5,1.0
9vg4t4,1.0
9vg4t1,1.0
9vg4t0,1.0
9vg4mp,1.0
9vg4mn,1.0
9vg4mj,1.0
9vg4mh,1.0
9vg4m5,1.0
9vg4m4,1.0
9vg4m1,1.0
9vg4m0,1.0
9vg4jp,1.0
9vg4jn,1.0
9vg4jj,1.0
9vg4jh,1.0
9vg4j5,1.0
9vg4j4,1.0
9vg4j1,1.0
9vg4j0,1.0
9vg1vp,1.0
9vg1vn,1.0
9vg1vj,1.0
9vg1vh,1.0
9vg1uu,1.0
9vg1us,1.0
9vg1uk,1.0
9vg1uh,1.0
9vg1gu,1.0
9vg1gs,1.0
9vg1gk,1.0
9vg1gh,1.0
9vg1fu,1.0
9vg1fs,1.0
9vg1fk,1.0
9vg1fh,1.0
9vg1cu,1.0
9vg1cs,1.0
9vg1ck,1.0
9vg1ch,1.0
9vg1bu,1.0
9vg1bs,1.0
9vg1bk,1.0
9vg1bh,1.0
9vfczu,1.0
9vfczs,1.0
9vfczk,1.0
9vfczh,1.0
9vfcyu,1.0
9vfcys,1.0
9vfcyk,1.0
9vfcyh,1.0
9vfcvu,1.0
9vfcvs,1.0
9vfcvk,1.0
9vfcvh,1.0
9vfcuu,1.0
9vfcus,1.0
9vfcuk,1.0
9vfcuh,1.0
9vfcgu,1.0
9vfcgs,1.0
9vfcgk,1.0
9vfcgh,1.0
9vfcfu,1.0
9vfcfs,1.0
9vfcfk,1.0
9vfcfh,1.0
9vfccu,1.0
9vfccs,1.0
9vfcck,1.0
9vfcch,1.0
9vfcbu,1.0
9vfcbs,1.0
9vfcbk,1.0
9vfcbh,1.0
9vfcbj,1.0
9vfcbn,1.0
9vfcbp,1.0
9vff00,1.0
9vff01,1.0
9vff04,1.0
9vff05,1.0
9vff0h,1.0
9vff0j,1.0
9vff0n,1.0
9vff0p,1.0
9vff20,1.0
9vff21,1.0
9vff24,1.0
9vff25,1.0
9vff2h,1.0
9vff2j,1.0
9vff2n,1.0
9vff2p,1.0
9vff80,1.0
9vff81,1.0
9vff84,1.0
9vff85,1.0
9vff8h,1.0
9vff8j,1.0
9vff8n,1.0
9vff8p,1.0
9vffb0,1.0
9vffb1,1.0
9vffb4,1.0
9vffb5,1.0
9vffbh,1.0
9vffbj,1.0
9vffbn,1.0
9vffbp,1.0
9vfg00,1.0
9vfg01,1.0
9vfg04,1.0
9vfg05,1.0
9vfg0h,1.0
9vfg0j,1.0
9vfg0n,1.0
9vfg0p,1.0
9vfg20,1.0
9vfg21,1.0
9vfg24,1.0
9vfg25,1.0
9vfg2h,1.0
9vfg2j,1.0
9vfg2n,1.0
9vfexb,1.0
9vfexc,1.0
9vfg81,1.0
9vfg83,1.0
9vfg89,1.0
9vfg8c,1.0
9vfg91,1.0
9vfg93,1.0
9vfg99,1.0
9vfg9c,1.0
9vfgd1,1.0
9vfgd3,1.0
9vfgd9,1.0
9vfgdc,1.0
9vfge1,1.0
9vfge3,1.0
9vfge9,1.0
9vfgec,1.0
9vfgs1,1.0
9vfgs3,1.0
9vfgs9,1.0
9vfgsc,1.0
9vfgt1,1.0
9vfgt3,1.0
9vfgt9,1.0
9vfgtc,1.0
9vfgw1,1.0
9vfgw3,1.0
9vfgw9,1.0
9vfgwc,1.0
9vfgx1,1.0
9vfgx3,1.0
9vfgx9,1.0
9vfgxc,1.0
9vg581,1.0
9vg583,1.0
9vg589,1.0
9vg58c,1.0
9vg591,1.0
9vg593,1.0
9vg599,1.0
9vg59c,1.0
9vg5d1,1.0
9vg5d3,1.0
9vg5d9,1.0
9vg5dc,1.0
9vg5e1,1.0
9vg5e3,1.0
9vg5e9,1.0
9vg5ec,1.0
9vg5s1,1.0
9vg5s3,1.0
9vg5s9,1.0
9vg5sc,1.0
9vg5t1,1.0
9vg5t3,1.0
9vg5t2,1.0
9vg5mr,1.0
9vg5mq,1.0
9vg5mm,1.0
9vg5mk,1.0
9vg5m7,1.0
9vg5m6,1.0
9vg5m3,1.0
9vg5m2,1.0
9vg5jr,1.0
9vg5jq,1.0
9vg5jm,1.0
9vg5jk,1.0
9vg5j7,1.0
9vg5j6,1.0
9vg5j3,1.0
9vg5j2,1.0
9vg4vr,1.0
9vg4vq,1.0
9vg4vm,1.0
9vg4vk,1.0
9vg4v7,1.0
9vg4v6,1.0
9vg4v3,1.0
9vg4v2,1.0
9vg4tr,1.0
9vg4tq,1.0
9vg4tm,1.0
9vg4tk,1.0
9vg4t7,1.0
9vg4t6,1.0
9vg4t3,1.0
9vg4t2,1.0
9vg4mr,1.0
9vg4mq,1.0
9vg4mm,1.0
9vg4mk,1.0
9vg4m7,1.0
9vg4m6,1.0
9vg4m3,1.0
9vg4m2,1.0
9vg4jr,1.0
9vg4jq,1.0
9vg4jm,1.0
9vg4jk,1.0
9vg4j7,1.0
9vg4j6,1.0
9vg4j3,1.0
9vg4j2,1.0
9vg1vr,1.0
9vg1vq,1.0
9vg1vm,1.0
9vg1vk,1.0
9vg1v7,1.0
9vg1v5,1.0
9vg1ug,1.0
9vg1ue,1.0
9vg1u7,1.0
9vg1u5,1.0
9vg1gg,1.0
9vg1ge,1.0
9vg1g7,1.0
9vg1g5,1.0
9vg1fg,1.0
9vg1fe,1.0
9vg1f7,1.0
9vg1f5,1.0
9vg1cg,1.0
9vg1ce,1.0
9vg1c7,1.0
9vg1c5,1.0
9vg1bg,1.0
9vg1be,1.0
9vg1b7,1.0
9vg1b5,1.0
9vfczg,1.0
9vfcze,1.0
9vfcz7,1.0
9vfcz5,1.0
9vfcyg,1.0
9vfcye,1.0
9vfcy7,1.0
9vfcy5,1.0
9vfcvg,1.0
9vfcve,1.0
9vfcv7,1.0
9vfcv5,1.0
9vfcug,1.0
9vfcue,1.0
9vfcu7,1.0
9vfcu5,1.0
9vfcgg,1.0
9vfcge,1.0
9vfcg7,1.0
9vfcg5,1.0
9vfcfg,1.0
9vfcfe,1.0
9vfcf7,1.0
9vfcf5,1.0
9vfccg,1.0
9vfcce,1.0
9vfcc7,1.0
9vfcc5,1.0
9vfcbg,1.0
9vfcbe,1.0
9vfcb7,1.0
9vfcb5,1.0
9vf9zg,1.0
9vf9zu,1.0
9vf9zv,1.0
9vf9zy,1.0
9vf9zz,1.0
9vfdpb,1.0
9vfdpc,1.0
9vfdpf,1.0
9vfdpg,1.0
9vfdpu,1.0
9vfdpv,1.0
9vfdpy,1.0
9vfdpz,1.0
9vfdrb,1.0
9vfdrc,1.0
9vfdrf,1.0
9vfdrg,1.0
9vfdru,1.0
9vfdrv,1.0
9vfdry,1.0
9vfdrz,1.0
9vfdxb,1.0
9vfdxc,1.0
9vfdxf,1.0
9vfdxg,1.0
9vfdxu,1.0
9vfdxv,1.0
9vfdxy,1.0
9vfdxz,1.0
9vfdzb,1.0
9vfdzc,1.0
9vfdzf,1.0
9vfdzg,1.0
9vfdzu,1.0
9vfdzv,1.0
9vfdzy,1.0
9vfdzz,1.0
9vfepb,1.0
9vfepc,1.0
9vfepf,1.0
9vfepg,1.0
9vfepu,1.0
9vfepv,1.0
9vfepy,1.0
9vfepz,1.0
9vferb,1.0
9vferc,1.0
9vferf,1.0
9vferg,1.0
9vferu,1.0
9vferv,1.0
9vfery,1.0
9vferz,1.0
9vfex9,1.0
9vfexd,1.0
9vfexf,1.0
9vfg84,1.0
9vfg86,1.0
9vfg8d,1.0
9vfg8f,1.0
9vfg94,1.0
9vfg96,1.0
9vfg9d,1.0
9vfg9f,1.0
9vfgd4,1.0
9vfgd6,1.0
9vfgdd,1.0
9vfgdf,1.0
9vfge4,1.0
9vfge6,1.0
9vfged,1.0
9vfgef,1.0
9vfgs4,1.0
9vfgs6,1.0
9vfgsd,1.0
9vfgsf,1.0
9vfgt4,1.0
9vfgt6,1.0
9vfgtd,1.0
9vfgtf,1.0
9vfgw4,1.0
9vfgw6,1.0
9vfgwd,1.0
9vfgwf,1.0
9vfgx4,1.0
9vfgx6,1.0
9vfgxd,1.0
9vfgxf,1.0
9vg584,1.0
9vg586,1.0
9vg58d,1.0
9vg58f,1.0
9vg594,1.0
9vg596,1.0
9vg59d,1.0
9vg59f,1.0
9vg5d4,1.0
9vg5d6,1.0
9vg5dd,1.0
9vg5df,1.0
9vg5e4,1.0
9vg5e6,1.0
9vg5ed,1.0
9vg5ef,1.0
9vg5s4,1.0
9vg5s6,1.0
9vg5sd,1.0
9vg5sf,1.0
9vg5t4,1.0
9vg5t6,1.0
9vg5td,1.0
9vg5t9,1.0
9vg5t8,1.0
9vg5mx,1.0
9vg5mw,1.0
9vg5mt,1.0
9vg5ms,1.0
9vg5me,1.0
9vg5md,1.0
9vg5m9,1.0
9vg5m8,1.0
9vg5jx,1.0
9vg5jw,1.0
9vg5jt,1.0
9vg5js,1.0
9vg5je,1.0
9vg5jd,1.0
9vg5j9,1.0
9vg5j8,1.0
9vg4vx,1.0
9vg4vw,1.0
9vg4vt,1.0
9vg4vs,1.0
9vg4ve,1.0
9vg4vd,1.0
9vg4v9,1.0
9vg4v8,1.0
9vg4tx,1.0
9vg4tw,1.0
9vg4tt,1.0
9vg4ts,1.0
9vg4te,1.0
9vg4td,1.0
9vg4t9,1.0
9vg4t8,1.0
9vg4mx,1.0
9vg4mw,1.0
9vg4mt,1.0
9vg4ms,1.0
9vg4me,1.0
9vg4md,1.0
9vg4m9,1.0
9vg4m8,1.0
9vg4jx,1.0
9vg4jw,1.0
9vg4jt,1.0
9vg4js,1.0
9vg4je,1.0
9vg4jd,1.0
9vg4j9,1.0
9vg4j8,1.0
9vg1vx,1.0
9vg1vw,1.0
9vg1vt,1.0
9vg1vs,1.0
9vg1ve,1.0
9vg1vd,1.0
9vg1v6,1.0
9vg1v4,1.0
9vg1uf,1.0
9vg1ud,1.0
9vg1u6,1.0
9vg1u4,1.0
9vg1gf,1.0
9vg1gd,1.0
9vg1g6,1.0
9vg1g4,1.0
9vg1ff,1.0
9vg1fd,1.0
9vg1f6,1.0
9vg1f4,1.0
9vg1cf,1.0
9vg1cd,1.0
9vg1c6,1.0
9vg1c4,1.0
9vg1bf,1.0
9vg1bd,1.0
9vg1b6,1.0
9vg1b4,1.0
9vfczf,1.0
9vfczd,1.0
9vfcz6,1.0
9vfcz4,1.0
9vfcyf,1.0
9vfcyd,1.0
9vfcy6,1.0
9vfcy4,1.0
9vfcvf,1.0
9vfcvd,1.0
9vfcv6,1.0
9vfcv4,1.0
9vfcuf,1.0
9vfcud,1.0
9vfcu6,1.0
9vfcu4,1.0
9vfcgf,1.0
9vfcgd,1.0
9vfcg6,1.0
9vfcg4,1.0
9vfcff,1.0
9vfcfd,1.0
9vfcf6,1.0
9vfcf4,1.0
9vfccf,1.0
9vfccd,1.0
9vfcc6,1.0
9vfcc4,1.0
9vfcbf,1.0
9vfcbd,1.0
9vfcb6,1.0
9vfcb4,1.0
9vf9zf,1.0
9vf9zd,1.0
9vf9ze,1.0
9vf9zs,1.0
9vf9zt,1.0
9vf9zw,1.0
9vf9zx,1.0
9vfdp8,1.0
9vfdp9,1.0
9vfdpd,1.0
9vfdpe,1.0
9vfdps,1.0
9vfdpt,1.0
9vfdpw,1.0
9vfdpx,1.0
9vfdr8,1.0
9vfdr9,1.0
9vfdrd,1.0
9vfdre,1.0
9vfdrs,1.0
9vfdrt,1.0
9vfdrw,1.0
9vfdrx,1.0
9vfdx8,1.0
9vfdx9,1.0
9vfdxd,1.0
9vfdxe,1.0
9vfdxs,1.0
9vfdxt,1.0
9vfdxw,1.0
9vfdxx,1.0
9vfdz8,1.0
9vfdz9,1.0
9vfdzd,1.0
9vfdze,1.0
9vfdzs,1.0
9vfdzt,1.0
9vfdzw,1.0
9vfdzx,1.0
9vfep8,1.0
9vfep9,1.0
9vfepd,1.0
9vfepe,1.0
9vfeps,1.0
9vfept,1.0
9vfepw,1.0
9vfepx,1.0
9vfer8,1.0
9vfer9,1.0
9vferd,1.0
9vfere,1.0
9vfers,1.0
9vfert,1.0
9vferw,1.0
9vferx,1.0
9vfex8,1.0
9vfex6,1.0
9vfex7,1.0
9vfexe,1.0
9vfexg,1.0
9vfg85,1.0
9vfg87,1.0
9vfg8e,1.0
9vfg8g,1.0
9vfg95,1.0
9vfg97,1.0
9vfg9e,1.0
9vfg9g,1.0
9vfgd5,1.0
9vfgd7,1.0
9vfgde,1.0
9vfgdg,1.0
9vfge5,1.0
9vfge7,1.0
9vfgee,1.0
9vfgeg,1.0
9vfgs5,1.0
9vfgs7,1.0
9vfgse,1.0
9vfgsg,1.0
9vfgt5,1.0
9vfgt7,1.0
9vfgte,1.0
9vfgtg,1.0
9vfgw5,1.0
9vfgw7,1.0
9vfgwe,1.0
9vfgwg,1.0
9vfgx5,1.0
9vfgx7,1.0
9vfgxe,1.0
9vfgxg,1.0
9vg585,1.0
9vg587,1.0
9vg58e,1.0
9vg58g,1.0
9vg595,1.0
9vg597,1.0
9vg59e,1.0
9vg59g,1.0
9vg5d5,1.0
9vg5d7,1.0
9vg5de,1.0
9vg5dg,1.0
9vg5e5,1.0
9vg5e7,1.0
9vg5ee,1.0
9vg5eg,1.0
9vg5s5,1.0
9vg5s7,1.0
9vg5se,1.0
9vg5sg,1.0
9vg5t5,1.0
9vg5t7,1.0
9vg5te,1.0
9vg5tg,1.0
9vg5tf,1.0
9vg5tc,1.0
9vg5tb,1.0
9vg5mz,1.0
9vg5my,1.0
9vg5mv,1.0
9vg5mu,1.0
9vg5mg,1.0
9vg5mf,1.0
9vg5mc,1.0
9vg5mb,1.0
9vg5jz,1.0
9vg5jy,1.0
9vg5jv,1.0
9vg5ju,1.0
9vg5jg,1.0
9vg5jf,1.0
9vg5jc,1.0
9vg5jb,1.0
9vg4vz,1.0
9vg4vy,1.0
9vg4vv,1.0
9vg4vu,1.0
9vg4vg,1.0
9vg4vf,1.0
9vg4vc,1.0
9vg4vb,1.0
9vg4tz,1.0
9vg4ty,1.0
9vg4tv,1.0
9vg4tu,1.0
9vg4tg,1.0
9vg4tf,1.0
9vg4tc,1.0
9vg4tb,1.0
9vg4mz,1.0
9vg4my,1.0
9vg4mv,1.0
9vg4mu,1.0
9vg4mg,1.0
9vg4mf,1.0
9vg4mc,1.0
9vg4mb,1.0
9vg4jz,1.0
9vg4jy,1.0
9vg4jv,1.0
9vg4ju,1.0
9vg4jg,1.0
9vg4jf,1.0
9vg4jc,1.0
9vg4jb,1.0
9vg1vz,1.0
9vg1vy,1.0
9vg1vv,1.0
9vg1vu,1.0
9vg1vg,1.0
9vg1vf,1.0
9vg1vc,1.0
9vg1v9,1.0
9vg1v3,1.0
9vg1v1,1.0
9vg1uc,1.0
9vg1u9,1.0
9vg1u3,1.0
9vg1u1,1.0
9vg1gc,1.0
9vg1g9,1.0
9vg1g3,1.0
9vg1g1,1.0
9vg1fc,1.0
9vg1f9,1.0
9vg1f3,1.0
9vg1f1,1.0
9vg1cc,1.0
9vg1c9,1.0
9vg1c3,1.0
9vg1c1,1.0
9vg1bc,1.0
9vg1b9,1.0
9vg1b3,1.0
9vg1b1,1.0
9vfczc,1.0
9vfcz9,1.0
9vfcz3,1.0
9vfcz1,1.0
9vfcyc,1.0
9vfcy9,1.0
9vfcy3,1.0
9vfcy1,1.0
9vfcvc,1.0
9vfcv9,1.0
9vfcv3,1.0
9vfcv1,1.0
9vfcuc,1.0
9vfcu9,1.0
9vfcu3,1.0
9vfcu1,1.0
9vfcgc,1.0
9vfcg9,1.0
9vfcg3,1.0
9vfcg1,1.0
9vfcfc,1.0
9vfcf9,1.0
9vfcf3,1.0
9vfcf1,1.0
9vfccc,1.0
9vfcc9,1.0
9vfcc3,1.0
9vfcc1,1.0
9vfcbc,1.0
9vfcb9,1.0
9vfcb3,1.0
9vfcb1,1.0
9vf9zc,1.0
9vf9z9,1.0
9vf9z3,1.0
9vf9z6,1.0
9vf9z7,1.0
9vf9zk,1.0
9vf9zm,1.0
9vf9zq,1.0
9vf9zr,1.0
9vfdp2,1.0
9vfdp3,1.0
9vfdp6,1.0
9vfdp7,1.0
9vfdpk,1.0
9vfdpm,1.0
9vfdpq,1.0
9vfdpr,1.0
9vfdr2,1.0
9vfdr3,1.0
9vfdr6,1.0
9vfdr7,1.0
9vfdrk,1.0
9vfdrm,1.0
9vfdrq,1.0
9vfdrr,1.0
9vfdx2,1.0
9vfdx3,1.0
9vfdx6,1.0
9vfdx7,1.0
9vfdxk,1.0
9vfdxm,1.0
9vfdxq,1.0
9vfdxr,1.0
9vfdz2,1.0
9vfdz3,1.0
9vfdz6,1.0
9vfdz7,1.0
9vfdzk,1.0
9vfdzm,1.0
9vfdzq,1.0
9vfdzr,1.0
9vfep2,1.0
9vfep3,1.0
9vfep6,1.0
9vfep7,1.0
9vfepk,1.0
9vfepm,1.0
9vfepq,1.0
9vfepr,1.0
9vfer2,1.0
9vfer3,1.0
9vfer6,1.0
9vfer7,1.0
9vferk,1.0
9vferm,1.0
9vferq,1.0
9vferr,1.0
9vfex2,1.0
9vfex3,1.0
9vfex5,1.0
9vfexh,1.0
9vfexk,1.0
9vfexs,1.0
9vfexu,1.0
9vfg8h,1.0
9vfg8k,1.0
9vfg8s,1.0
9vfg8u,1.0
9vfg9h,1.0
9vfg9k,1.0
9vfg9s,1.0
9vfg9u,1.0
9vfgdh,1.0
9vfgdk,1.0
9vfgds,1.0
9vfgdu,1.0
9vfgeh,1.0
9vfgek,1.0
9vfges,1.0
9vfgeu,1.0
9vfgsh,1.0
9vfgsk,1.0
9vfgss,1.0
9vfgsu,1.0
9vfgth,1.0
9vfgtk,1.0
9vfgts,1.0
9vfgtu,1.0
9vfgwh,1.0
9vfgwk,1.0
9vfgws,1.0
9vfgwu,1.0
9vfgxh,1.0
9vfgxk,1.0
9vfgxs,1.0
9vfgxu,1.0
9vg58h,1.0
9vg58k,1.0
9vg58s,1.0
9vg58u,1.0
9vg59h,1.0
9vg59k,1.0
9vg59s,1.0
9vg59u,1.0
9vg5dh,1.0
9vg5dk,1.0
9vg5ds,1.0
9vg5du,1.0
9vg5eh,1.0
9vg5ek,1.0
9vg5es,1.0
9vg5eu,1.0
9vg5sh,1.0
9vg5sk,1.0
9vg5ss,1.0
9vg5su,1.0
9vg5th,1.0
9vg5tk,1.0
9vg5ts,1.0
9vg5tu,1.0
9vg5wh,1.0
9vg5w5,1.0
9vg5w4,1.0
9vg5w1,1.0
9vg5w0,1.0
9vg5qp,1.0
9vg5qn,1.0
9vg5qj,1.0
9vg5qh,1.0
9vg5q5,1.0
9vg5q4,1.0
9vg5q1,1.0
9vg5q0,1.0
9vg5np,1.0
9vg5nn,1.0
9vg5nj,1.0
9vg5nh,1.0
9vg5n5,1.0
9vg5n4,1.0
9vg5n1,1.0
9vg5n0,1.0
9vg4yp,1.0
9vg4yn,1.0
9vg4yj,1.0
9vg4yh,1.0
9vg4y5,1.0
9vg4y4,1.0
9vg4y1,1.0
9vg4y0,1.0
9vg4wp,1.0
9vg4wn,1.0
9vg4wj,1.0
9vg4wh,1.0
9vg4w5,1.0
9vg4w4,1.0
9vg4w1,1.0
9vg4w0,1.0
9vg4qp,1.0
9vg4qn,1.0
9vg4qj,1.0
9vg4qh,1.0
9vg4q5,1.0
9vg4q4,1.0
9vg4q1,1.0
9vg4q0,1.0
9vg4np,1.0
9vg4nn,1.0
9vg4nj,1.0
9vg4nh,1.0
9vg4n5,1.0
9vg4n4,1.0
9vg4n1,1.0
9vg4n0,1.0
9vg1yp,1.0
9vg1yn,1.0
9vg1yj,1.0
9vg1yh,1.0
9vg1y5,1.0
9vg1y4,1.0
9vg1y1,1.0
9vg1y0,1.0
9vg1vb,1.0
9vg1v8,1.0
9vg1v2,1.0
9vg1v0,1.0
9vg1ub,1.0
9vg1u8,1.0
9vg1u2,1.0
9vg1u0,1.0
9vg1gb,1.0
9vg1g8,1.0
9vg1g2,1.0
9vg1g0,1.0
9vg1fb,1.0
9vg1f8,1.0
9vg1f2,1.0
9vg1f0,1.0
9vg1cb,1.0
9vg1c8,1.0
9vg1c2,1.0
9vg1c0,1.0
9vg1bb,1.0
9vg1b8,1.0
9vg1b2,1.0
9vg1b0,1.0
9vfczb,1.0
9vfcz8,1.0
9vfcz2,1.0
9vfcz0,1.0
9vfcyb,1.0
9vfcy8,1.0
9vfcy2,1.0
9vfcy0,1.0
9vfcvb,1.0
9vfcv8,1.0
9vfcv2,1.0
9vfcv0,1.0
9vfcub,1.0
9vfcu8,1.0
9vfcu2,1.0
9vfcu0,1.0
9vfcgb,1.0
9vfcg8,1.0
9vfcg2,1.0
9vfcg0,1.0
9vfcfb,1.0
9vfcf8,1.0
9vfcf2,1.0
9vfcf0,1.0
9vfccb,1.0
9vfcc8,1.0
9vfcc2,1.0
9vfcc0,1.0
9vfcbb,1.0
9vfcb8,1.0
9vfcb2,1.0
9vfcb0,1.0
9vf9zb,1.0
9vf9z8,1.0
9vf9z2,1.0
9vf9z0,1.0
9vf9z1,1.0
9vf9z4,1.0
9vf9z5,1.0
9vf9zh,1.0
9vf9zj,1.0
9vf9zn,1.0
9vf9zp,1.0
9vfdp0,1.0
9vfdp1,1.0
9vfdp4,1.0
9vfdp5,1.0
9vfdph,1.0
9vfdpj,1.0
9vfdpn,1.0
9vfdpp,1.0
9vfdr0,1.0
9vfdr1,1.0
9vfdr4,1.0
9vfdr5,1.0
9vfdrh,1.0
9vfdrj,1.0
9vfdrn,1.0
9vfdrp,1.0
9vfdx0,1.0
9vfdx1,1.0
9vfdx4,1.0
9vfdx5,1.0
9vfdxh,1.0
9vfdxj,1.0
9vfdxn,1.0
9vfdxp,1.0
9vfdz0,1.0
9vfdz1,1.0
9vfdz4,1.0
9vfdz5,1.0
9vfdzh,1.0
9vfdzj,1.0
9vfdzn,1.0
9vfdzp,1.0
9vfep0,1.0
9vfep1,1.0
9vfep4,1.0
9vfep5,1.0
9vfeph,1.0
9vfepj,1.0
9vfepn,1.0
9vfepp,1.0
9vfer0,1.0
9vfer1,1.0
9vfer4,1.0
9vfer5,1.0
9vferh,1.0
9vferj,1.0
9vfern,1.0
9vferp,1.0
9vfex0,1.0
9vfex1,1.0
9vfex4,1.0
9vfewu,1.0
9vfewv,1.0
9vfexj,1.0
9vfexm,1.0
9vfext,1.0
9vfexv,1.0
9vfg8j,1.0
9vfg8m,1.0
9vfg8t,1.0
9vfg8v,1.0
9vfg9j,1.0
9vfg9m,1.0
9vfg9t,1.0
9vfg9v,1.0
9vfgdj,1.0
9vfgdm,1.0
9vfgdt,1.0
9vfgdv,1.0
9vfgej,1.0
9vfgem,1.0
9vfget,1.0
9vfgev,1.0
9vfgsj,1.0
9vfgsm,1.0
9vfgst,1.0
9vfgsv,1.0
9vfgtj,1.0
9vfgtm,1.0
9vfgtt,1.0
9vfgtv,1.0
9vfgwj,1.0
9vfgwm,1.0
9vfgwt,1.0
9vfgwv,1.0
9vfgxj,1.0
9vfgxm,1.0
9vfgxt,1.0
9vfgxv,1.0
9vg58j,1.0
9vg58m,1.0
9vg58t,1.0
9vg58v,1.0
9vg59j,1.0
9vg59m,1.0
9vg59t,1.0
9vg59v,1.0
9vg5dj,1.0
9vg5dm,1.0
9vg5dt,1.0
9vg5dv,1.0
9vg5ej,1.0
9vg5em,1.0
9vg5et,1.0
9vg5ev,1.0
9vg5sj,1.0
9vg5sm,1.0
9vg5st,1.0
9vg5sv,1.0
9vg5tj,1.0
9vg5tm,1.0
9vg5tt,1.0
9vg5tv,1.0
9vg5wj,1.0
9vg5wm,1.0
9vg5wk,1.0
9vg5w7,1.0
9vg5w6,1.0
9vg5w3,1.0
9vg5w2,1.0
9vg5qr,1.0
9vg5qq,1.0
9vg5qm,1.0
9vg5qk,1.0
9vg5q7,1.0
9vg5q6,1.0
9vg5q3,1.0
9vg5q2,1.0
9vg5nr,1.0
9vg5nq,1.0
9vg5nm,1.0
9vg5nk,1.0
9vg5n7,1.0
9vg5n6,1.0
9vg5n3,1.0
9vg5n2,1.0
9vg4yr,1.0
9vg4yq,1.0
9vg4ym,1.0
9vg4yk,1.0
9vg4y7,1.0
9vg4y6,1.0
9vg4y3,1.0
9vg4y2,1.0
9vg4wr,1.0
9vg4wq,1.0
9vg4wm,1.0
9vg4wk,1.0
9vg4w7,1.0
9vg4w6,1.0
9vg4w3,1.0
9vg4w2,1.0
9vg4qr,1.0
9vg4qq,1.0
9vg4qm,1.0
9vg4qk,1.0
9vg4q7,1.0
9vg4q6,1.0
9vg4q3,1.0
9vg4q2,1.0
9vg4nr,1.0
9vg4nq,1.0
9vg4nm,1.0
9vg4nk,1.0
9vg4n7,1.0
9vg4n6,1.0
9vg4n3,1.0
9vg4n2,1.0
9vg1yr,1.0
9vg1yq,1.0
9vg1ym,1.0
9vg1yk,1.0
9vg1y7,1.0
9vg1y6,1.0
9vg1y3,1.0
9vg1y2,1.0
9vg1wr,1.0
9vg1wp,1.0
9vg1tz,1.0
9vg1tx,1.0
9vg1tr,1.0
9vg1tp,1.0
9vg1sz,1.0
9vg1sx,1.0
9vg1sr,1.0
9vg1sp,1.0
9vg1ez,1.0
9vg1ex,1.0
9vg1er,1.0
9vg1ep,1.0
9vg1dz,1.0
9vg1dx,1.0
9vg1dr,1.0
9vg1dp,1.0
9vg19z,1.0
9vg19x,1.0
9vg19r,1.0
9vg19p,1.0
9vg18z,1.0
9vg18x,1.0
9vg18r,1.0
9vg18p,1.0
9vfcxz,1.0
9vfcxx,1.0
9vfcxr,1.0
9vfcxp,1.0
9vfcwz,1.0
9vfcwx,1.0
9vfcwr,1.0
9vfcwp,1.0
9vfctz,1.0
9vfctx,1.0
9vfctr,1.0
9vfctp,1.0
9vfcsz,1.0
9vfcsx,1.0
9vfcsr,1.0
9vfcsp,1.0
9vfcez,1.0
9vfcex,1.0
9vfcer,1.0
9vfcep,1.0
9vfcdz,1.0
9vfcdx,1.0
9vfcdr,1.0
9vfcdp,1.0
9vfc9z,1.0
9vfc9x,1.0
9vfc9r,1.0
9vfc9p,1.0
9vfc8z,1.0
9vfc8x,1.0
9vfc8r,1.0
9vfc8p,1.0
9vf9xz,1.0
9vf9xx,1.0
9vf9xr,1.0
9vf9xp,1.0
9vf9wz,1.0
9vf9yb,1.0
9vf9yc,1.0
9vf9yf,1.0
9vf9yg,1.0
9vf9yu,1.0
9vf9yv,1.0
9vf9yy,1.0
9vf9yz,1.0
9vfdnb,1.0
9vfdnc,1.0
9vfdnf,1.0
9vfdng,1.0
9vfdnu,1.0
9vfdnv,1.0
9vfdny,1.0
9vfdnz,1.0
9vfdqb,1.0
9vfdqc,1.0
9vfdqf,1.0
9vfdqg,1.0
9vfdqu,1.0
9vfdqv,1.0
9vfdqy,1.0
9vfdqz,1.0
9vfdwb,1.0
9vfdwc,1.0
9vfdwf,1.0
9vfdwg,1.0
9vfdwu,1.0
9vfdwv,1.0
9vfdwy,1.0
9vfdwz,1.0
9vfdyb,1.0
9vfdyc,1.0
9vfdyf,1.0
9vfdyg,1.0
9vfdyu,1.0
9vfdyv,1.0
9vfdyy,1.0
9vfdyz,1.0
9vfenb,1.0
9vfenc,1.0
9vfenf,1.0
9vfeng,1.0
9vfenu,1.0
9vfenv,1.0
9vfeny,1.0
9vfenz,1.0
9vfeqb,1.0
9vfeqc,1.0
9vfeqf,1.0
9vfeqg,1.0
9vfequ,1.0
9vfeqv,1.0
9vfeqy,1.0
9vfeqz,1.0
9vfewb,1.0
9vfewc,1.0
9vfewf,1.0
9vfewg,1.0
9vfewt,1.0
9vfeww,1.0
9vfewy,1.0
9vfexn,1.0
9vfexq,1.0
9vfexw,1.0
9vfexy,1.0
9vfg8n,1.0
9vfg8q,1.0
9vfg8w,1.0
9vfg8y,1.0
9vfg9n,1.0
9vfg9q,1.0
9vfg9w,1.0
9vfg9y,1.0
9vfgdn,1.0
9vfgdq,1.0
9vfgdw,1.0
9vfgdy,1.0
9vfgen,1.0
9vfgeq,1.0
9vfgew,1.0
9vfgey,1.0
9vfgsn,1.0
9vfgsq,1.0
9vfgsw,1.0
9vfgsy,1.0
9vfgtn,1.0
9vfgtq,1.0
9vfgtw,1.0
9vfgty,1.0
9vfgwn,1.0
9vfgwq,1.0
9vfgww,1.0
9vfgwy,1.0
9vfgxn,1.0
9vfgxq,1.0
9vfgxw,1.0
9vfgxy,1.0
9vg58n,1.0
9vg58q,1.0
9vg58w,1.0
9vg58y,1.0
9vg59n,1.0
9vg59q,1.0
9vg59w,1.0
9vg59y,1.0
9vg5dn,1.0
9vg5dq,1.0
9vg5dw,1.0
9vg5dy,1.0
9vg5en,1.0
9vg5eq,1.0
9vg5ew,1.0
9vg5ey,1.0
9vg5sn,1.0
9vg5sq,1.0
9vg5sw,1.0
9vg5sy,1.0
9vg5tn,1.0
9vg5tq,1.0
9vg5tw,1.0
9vg5ty,1.0
9vg5wn,1.0
9vg5wq,1.0
9vg5ww,1.0
9vg5wt,1.0
9vg5ws,1.0
9vg5we,1.0
9vg5wd,1.0
9vg5w9,1.0
9vg5w8,1.0
9vg5qx,1.0
9vg5qw,1.0
9vg5qt,1.0
9vg5qs,1.0
9vg5qe,1.0
9vg5qd,1.0
9vg5q9,1.0
9vg5q8,1.0
9vg5nx,1.0
9vg5nw,1.0
9vg5nt,1.0
9vg5ns,1.0
9vg5ne,1.0
9vg5nd,1.0
9vg5n9,1.0
9vg5n8,1.0
9vg4yx,1.0
9vg4yw,1.0
9vg4yt,1.0
9vg4ys,1.0
9vg4ye,1.0
9vg4yd,1.0
9vg4y9,1.0
9vg4y8,1.0
9vg4wx,1.0
9vg4ww,1.0
9vg4wt,1.0
9vg4ws,1.0
9vg4we,1.0
9vg4wd,1.0
9vg4w9,1.0
9vg4w8,1.0
9vg4qx,1.0
9vg4qw,1.0
9vg4qt,1.0
9vg4qs,1.0
9vg4qe,1.0
9vg4qd,1.0
9vg4q9,1.0
9vg4q8,1.0
9vg4nx,1.0
9vg4nw,1.0
9vg4nt,1.0
9vg4ns,1.0
9vg4ne,1.0
9vg4nd,1.0
9vg4n9,1.0
9vg4n8,1.0
9vg1yx,1.0
9vg1yw,1.0
9vg1yt,1.0
9vg1ys,1.0
9vg1ye,1.0
9vg1yd,1.0
9vg1y9,1.0
9vg1y8,1.0
9vg1wx,1.0
9vg1ww,1.0
9vg1wq,1.0
9vg1wn,1.0
9vg1ty,1.0
9vg1tw,1.0
9vg1tq,1.0
9vg1tn,1.0
9vg1sy,1.0
9vg1sw,1.0
9vg1sq,1.0
9vg1sn,1.0
9vg1ey,1.0
9vg1ew,1.0
9vg1eq,1.0
9vg1en,1.0
9vg1dy,1.0
9vg1dw,1.0
9vg1dq,1.0
9vg1dn,1.0
9vg19y,1.0
9vg19w,1.0
9vg19q,1.0
9vg19n,1.0
9vg18y,1.0
9vg18w,1.0
9vg18q,1.0
9vg18n,1.0
9vfcxy,1.0
9vfcxw,1.0
9vfcxq,1.0
9vfcxn,1.0
9vfcwy,1.0
9vfcww,1.0
9vfcwq,1.0
9vfcwn,1.0
9vfcty,1.0
9vfctw,1.0
9vfctq,1.0
9vfctn,1.0
9vfcsy,1.0
9vfcsw,1.0
9vfcsq,1.0
9vfcsn,1.0
9vfcey,1.0
9vfcew,1.0
9vfceq,1.0
9vfcen,1.0
9vfcdy,1.0
9vfcdw,1.0
9vfcdq,1.0
9vfcdn,1.0
9vfc9y,1.0
9vfc9w,1.0
9vfc9q,1.0
9vfc9n,1.0
9vfc8y,1.0
9vfc8w,1.0
9vfc8q,1.0
9vfc8n,1.0
9vf9xy,1.0
9vf9xw,1.0
9vf9xq,1.0
9vf9xn,1.0
9vf9wy,1.0
9vf9ww,1.0
9vf9wx,1.0
9vf9y8,1.0
9vf9y9,1.0
9vf9yd,1.0
9vf9ye,1.0
9vf9ys,1.0
9vf9yt,1.0
9vf9yw,1.0
9vf9yx,1.0
9vfdn8,1.0
9vfdn9,1.0
9vfdnd,1.0
9vfdne,1.0
9vfdns,1.0
9vfdnt,1.0
9vfdnw,1.0
9vfdnx,1.0
9vfdq8,1.0
9vfdq9,1.0
9vfdqd,1.0
9vfdqe,1.0
9vfdqs,1.0
9vfdqt,1.0
9vfdqw,1.0
9vfdqx,1.0
9vfdw8,1.0
9vfdw9,1.0
9vfdwd,1.0
9vfdwe,1.0
9vfdws,1.0
9vfdwt,1.0
9vfdww,1.0
9vfdwx,1.0
9vfdy8,1.0
9vfdy9,1.0
9vfdyd,1.0
9vfdye,1.0
9vfdys,1.0
9vfdyt,1.0
9vfdyw,1.0
9vfdyx,1.0
9vfen8,1.0
9vfen9,1.0
9vfend,1.0
9vfene,1.0
9vfens,1.0
9vfent,1.0
9vfenw,1.0
9vfenx,1.0
9vfeq8,1.0
9vfeq9,1.0
9vfeqd,1.0
9vfeqe,1.0
9vfeqs,1.0
9vfeqt,1.0
9vfeqw,1.0
9vfeqx,1.0
9vfew8,1.0
9vfew9,1.0
9vfewd,1.0
9vfewe,1.0
9vfews,1.0
9vfewq,1.0
9vfewr,1.0
9vfewx,1.0
9vfewz,1.0
9vfexp,1.0
9vfexr,1.0
9vfexx,1.0
9vfexz,1.0
9vfg8p,1.0
9vfg8r,1.0
9vfg8x,1.0
9vfg8z,1.0
9vfg9p,1.0
9vfg9r,1.0
9vfg9x,1.0
9vfg9z,1.0
9vfgdp,1.0
9vfgdr,1.0
9vfgdx,1.0
9vfgdz,1.0
9vfgep,1.0
9vfger,1.0
9vfgex,1.0
9vfgez,1.0
9vfgsp,1.0
9vfgsr,1.0
9vfgsx,1.0
9vfgsz,1.0
9vfgtp,1.0
9vfgtr,1.0
9vfgtx,1.0
9vfgtz,1.0
9vfgwp,1.0
9vfgwr,1.0
9vfgwx,1.0
9vfgwz,1.0
9vfgxp,1.0
9vfgxr,1.0
9vfgxx,1.0
9vfgxz,1.0
9vg58p,1.0
9vg58r,1.0
9vg58x,1.0
9vg58z,1.0
9vg59p,1.0
9vg59r,1.0
9vg59x,1.0
9vg59z,1.0
9vg5dp,1.0
9vg5dr,1.0
9vg5dx,1.0
9vg5dz,1.0
9vg5ep,1.0
9vg5er,1.0
9vg5ex,1.0
9vg5ez,1.0
9vg5sp,1.0
9vg5sr,1.0
9vg5sx,1.0
9vg5sz,1.0
9vg5tp,1.0
9vg5tr,1.0
9vg5tx,1.0
9vg5tz,1.0
9vg5wp,1.0
9vg5wr,1.0
9vg5wx,1.0
9vg5wz,1.0
9vg5wy,1.0
9vg5wv,1.0
9vg5wu,1.0
9vg5wg,1.0
9vg5wf,1.0
9vg5wc,1.0
9vg5wb,1.0
9vg5qz,1.0
9vg5qy,1.0
9vg5qv,1.0
9vg5qu,1.0
9vg5qg,1.0
9vg5qf,1.0
9vg5qc,1.0
9vg5qb,1.0
9vg5nz,1.0
9vg5ny,1.0
9vg5nv,1.0
9vg5nu,1.0
9vg5ng,1.0
9vg5nf,1.0
9vg5nc,1.0
9vg5nb,1.0
9vg4yz,1.0
9vg4yy,1.0
9vg4yv,1.0
9vg4yu,1.0
9vg4yg,1.0
9vg4yf,1.0
9vg4yc,1.0
9vg4yb,1.0
9vg4wz,1.0
9vg4wy,1.0
9vg4wv,1.0
9vg4wu,1.0
9vg4wg,1.0
9vg4wf,1.0
9vg4wc,1.0
9vg4wb,1.0
9vg4qz,1.0
9vg4qy,1.0
9vg4qv,1.0
9vg4qu,1.0
9vg4qg,1.0
9vg4qf,1.0
9vg4qc,1.0
9vg4qb,1.0
9vg4nz,1.0
9vg4ny,1.0
9vg4nv,1.0
9vg4nu,1.0
9vg4ng,1.0
9vg4nf,1.0
9vg4nc,1.0
9vg4nb,1.0
9vg1yz,1.0
9vg1yy,1.0
9vg1yv,1.0
9vg1yu,1.0
9vg1yg,1.0
9vg1yf,1.0
9vg1yc,1.0
9vg1yb,1.0
9vg1wz,1.0
9vg1wy,1.0
9vg1wv,1.0
9vg1wt,1.0
9vg1wm,1.0
9vg1wj,1.0
9vg1tv,1.0
9vg1tt,1.0
9vg1tm,1.0
9vg1tj,1.0
9vg1sv,1.0
9vg1st,1.0
9vg1sm,1.0
9vg1sj,1.0
9vg1ev,1.0
9vg1et,1.0
9vg1em,1.0
9vg1ej,1.0
9vg1dv,1.0
9vg1dt,1.0
9vg1dm,1.0
9vg1dj,1.0
9vg19v,1.0
9vg19t,1.0
9vg19m,1.0
9vg19j,1.0
9vg18v,1.0
9vg18t,1.0
9vg18m,1.0
9vg18j,1.0
9vfcxv,1.0
9vfcxt,1.0
9vfcxm,1.0
9vfcxj,1.0
9vfcwv,1.0
9vfcwt,1.0
9vfcwm,1.0
9vfcwj,1.0
9vfctv,1.0
9vfctt,1.0
9vfctm,1.0
9vfctj,1.0
9vfcsv,1.0
9vfcst,1.0
9vfcsm,1.0
9vfcsj,1.0
9vfcev,1.0
9vfcet,1.0
9vfcem,1.0
9vfcej,1.0
9vfcdv,1.0
9vfcdt,1.0
9vfcdm,1.0
9vfcdj,1.0
9vfc9v,1.0
9vfc9t,1.0
9vfc9m,1.0
9vfc9j,1.0
9vfc8v,1.0
9vfc8t,1.0
9vfc8m,1.0
9vfc8j,1.0
9vf9xv,1.0
9vf9xt,1.0
9vf9xm,1.0
9vf9xj,1.0
9vf9wv,1.0
9vf9wt,1.0
9vf9wm,1.0
9vf9wq,1.0
9vf9wr,1.0
9vf9y2,1.0
9vf9y3,1.0
9vf9y6,1.0
9vf9y7,1.0
9vf9yk,1.0
9vf9ym,1.0
9vf9yq,1.0
9vf9yr,1.0
9vfdn2,1.0
9vfdn3,1.0
9vfdn6,1.0
9vfdn7,1.0
9vfdnk,1.0
9vfdnm,1.0
9vfdnq,1.0
9vfdnr,1.0
9vfdq2,1.0
9vfdq3,1.0
9vfdq6,1.0
9vfdq7,1.0
9vfdqk,1.0
9vfdqm,1.0
9vfdqq,1.0
9vfdqr,1.0
9vfdw2,1.0
9vfdw3,1.0
9vfdw6,1.0
9vfdw7,1.0
9vfdwk,1.0
9vfdwm,1.0
9vfdwq,1.0
9vfdwr,1.0
9vfdy2,1.0
9vfdy3,1.0
9vfdy6,1.0
9vfdy7,1.0
9vfdyk,1.0
9vfdym,1.0
9vfdyq,1.0
9vfdyr,1.0
9vfen2,1.0
9vfen3,1.0
9vfen6,1.0
9vfen7,1.0
9vfenk,1.0
9vfenm,1.0
9vfenq,1.0
9vfenr,1.0
9vfeq2,1.0
9vfeq3,1.0
9vfeq6,1.0
9vfeq7,1.0
9vfeqk,1.0
9vfeqm,1.0
9vfeqq,1.0
9vfeqr,1.0
9vfew2,1.0
9vfew3,1.0
9vfew6,1.0
9vfew7,1.0
9vfewk,1.0
9vfewm,1.0
9vfewp,1.0
9vfey0,1.0
9vfey2,1.0
9vfey8,1.0
9vfeyb,1.0
9vfez0,1.0
9vfez2,1.0
9vfez8,1.0
9vfezb,1.0
9vfgb0,1.0
9vfgb2,1.0
9vfgb8,1.0
9vfgbb,1.0
9vfgc0,1.0
9vfgc2,1.0
9vfgc8,1.0
9vfgcb,1.0
9vfgf0,1.0
9vfgf2,1.0
9vfgf8,1.0
9vfgfb,1.0
9vfgg0,1.0
9vfgg2,1.0
9vfgg8,1.0
9vfggb,1.0
9vfgu0,1.0
9vfgu2,1.0
9vfgu8,1.0
9vfgub,1.0
9vfgv0,1.0
9vfgv2,1.0
9vfgv8,1.0
9vfgvb,1.0
9vfgy0,1.0
9vfgy2,1.0
9vfgy8,1.0
9vfgyb,1.0
9vfgz0,1.0
9vfgz2,1.0
9vfgz8,1.0
9vfgzb,1.0
9vg5b0,1.0
9vg5b2,1.0
9vg5b8,1.0
9vg5bb,1.0
9vg5c0,1.0
9vg5c2,1.0
9vg5c8,1.0
9vg5cb,1.0
9vg5f0,1.0
9vg5f2,1.0
9vg5f8,1.0
9vg5fb,1.0
9vg5g0,1.0
9vg5g2,1.0
9vg5g8,1.0
9vg5gb,1.0
9vg5u0,1.0
9vg5u2,1.0
9vg5u8,1.0
9vg5ub,1.0
9vg5v0,1.0
9vg5v2,1.0
9vg5v8,1.0
9vg5vb,1.0
9vg5y0,1.0
9vg5y2,1.0
9vg5y8,1.0
9vg5yb,1.0
9vg5z0,1.0
9vg5xp,1.0
9vg5xn,1.0
9vg5xj,1.0
9vg5xh,1.0
9vg5x5,1.0
9vg5x4,1.0
9vg5x1,1.0
9vg5x0,1.0
9vg5rp,1.0
9vg5rn,1.0
9vg5rj,1.0
9vg5rh,1.0
9vg5r5,1.0
9vg5r4,1.0
9vg5r1,1.0
9vg5r0,1.0
9vg5pp,1.0
9vg5pn,1.0
9vg5pj,1.0
9vg5ph,1.0
9vg5p5,1.0
9vg5p4,1.0
9vg5p1,1.0
9vg5p0,1.0
9vg4zp,1.0
9vg4zn,1.0
9vg4zj,1.0
9vg4zh,1.0
9vg4z5,1.0
9vg4z4,1.0
9vg4z1,1.0
9vg4z0,1.0
9vg4xp,1.0
9vg4xn,1.0
9vg4xj,1.0
9vg4xh,1.0
9vg4x5,1.0
9vg4x4,1.0
9vg4x1,1.0
9vg4x0,1.0
9vg4rp,1.0
9vg4rn,1.0
9vg4rj,1.0
9vg4rh,1.0
9vg4r5,1.0
9vg4r4,1.0
9vg4r1,1.0
9vg4r0,1.0
9vg4pp,1.0
9vg4pn,1.0
9vg4pj,1.0
9vg4ph,1.0
9vg4p5,1.0
9vg4p4,1.0
9vg4p1,1.0
9vg4p0,1.0
9vg1zp,1.0
9vg1zn,1.0
9vg1zj,1.0
9vg1zh,1.0
9vg1z5,1.0
9vg1z4,1.0
9vg1z1,1.0
9vg1z0,1.0
9vg1xp,1.0
9vg1xn,1.0
9vg1xj,1.0
9vg1xh,1.0
9vg1wu,1.0
9vg1ws,1.0
9vg1wk,1.0
9vg1wh,1.0
9vg1tu,1.0
9vg1ts,1.0
9vg1tk,1.0
9vg1th,1.0
9vg1su,1.0
9vg1ss,1.0
9vg1sk,1.0
9vg1sh,1.0
9vg1eu,1.0
9vg1es,1.0
9vg1ek,1.0
9vg1eh,1.0
9vg1du,1.0
9vg1ds,1.0
9vg1dk,1.0
9vg1dh,1.0
9vg19u,1.0
9vg19s,1.0
9vg19k,1.0
9vg19h,1.0
9vg18u,1.0
9vg18s,1.0
9vg18k,1.0
9vg18h,1.0
9vfcxu,1.0
9vfcxs,1.0
9vfcxk,1.0
9vfcxh,1.0
9vfcwu,1.0
9vfcws,1.0
9vfcwk,1.0
9vfcwh,1.0
9vfctu,1.0
9vfcts,1.0
9vfctk,1.0
9vfcth,1.0
9vfcsu,1.0
9vfcss,1.0
9vfcsk,1.0
9vfcsh,1.0
9vfceu,1.0
9vfces,1.0
9vfcek,1.0
9vfceh,1.0
9vfcdu,1.0
9vfcds,1.0
9vfcdk,1.0
9vfcdh,1.0
9vfc9u,1.0
9vfc9s,1.0
9vfc9k,1.0
9vfc9h,1.0
9vfc8u,1.0
9vfc8s,1.0
9vfc8k,1.0
9vfc8h,1.0
9vf9xu,1.0
9vf9xs,1.0
9vf9xk,1.0
9vf9xh,1.0
9vf9wu,1.0
9vf9ws,1.0
9vf9wk,1.0
9vf9wh,1.0
9vf9wj,1.0
9vf9wn,1.0
9vf9wp,1.0
9vf9y0,1.0
9vf9y1,1.0
9vf9y4,1.0
9vf9y5,1.0
9vf9yh,1.0
9vf9yj,1.0
9vf9yn,1.0
9vf9yp,1.0
9vfdn0,1.0
9vfdn1,1.0
9vfdn4,1.0
9vfdn5,1.0
9vfdnh,1.0
9vfdnj,1.0
9vfdnn,1.0
9vfdnp,1.0
9vfdq0,1.0
9vfdq1,1.0
9vfdq4,1.0
9vfdq5,1.0
9vfdqh,1.0
9vfdqj,1.0
9vfdqn,1.0
9vfdqp,1.0
9vfdw0,1.0
9vfdw1,1.0
9vfdw4,1.0
9vfdw5,1.0
9vfdwh,1.0
9vfdwj,1.0
9vfdwn,1.0
9vfdwp,1.0
9vfdy0,1.0
9vfdy1,1.0
9vfdy4,1.0
9vfdy5,1.0
9vfdyh,1.0
9vfdyj,1.0
9vfdyn,1.0
9vfdyp,1.0
9vfen0,1.0
9vfen1,1.0
9vfen4,1.0
9vfen5,1.0
9vfenh,1.0
9vfenj,1.0
9vfenn,1.0
9vfenp,1.0
9vfeq0,1.0
9vfeq1,1.0
9vfeq4,1.0
9vfeq5,1.0
9vfeqh,1.0
9vfeqj,1.0
9vfeqn,1.0
9vfeqp,1.0
9vfew0,1.0
9vfew1,1.0
9vfew4,1.0
9vfew5,1.0
9vfewh,1.0
9vfewj,1.0
9vfewn,1.0
9vfevb,1.0
9vfevc,1.0
9vfey1,1.0
9vfey3,1.0
9vfey9,1.0
9vfeyc,1.0
9vfez1,1.0
9vfez3,1.0
9vfez9,1.0
9vfezc,1.0
9vfgb1,1.0
9vfgb3,1.0
9vfgb9,1.0
9vfgbc,1.0
9vfgc1,1.0
9vfgc3,1.0
9vfgc9,1.0
9vfgcc,1.0
9vfgf1,1.0
9vfgf3,1.0
9vfgf9,1.0
9vfgfc,1.0
9vfgg1,1.0
9vfgg3,1.0
9vfgg9,1.0
9vfggc,1.0
9vfgu1,1.0
9vfgu3,1.0
9vfgu9,1.0
9vfguc,1.0
9vfgv1,1.0
9vfgv3,1.0
9vfgv9,1.0
9vfgvc,1.0
9vfgy1,1.0
9vfgy3,1.0
9vfgy9,1.0
9vfgyc,1.0
9vfgz1,1.0
9vfgz3,1.0
9vfgz9,1.0
9vfgzc,1.0
9vg5b1,1.0
9vg5b3,1.0
9vg5b9,1.0
9vg5bc,1.0
9vg5c1,1.0
9vg5c3,1.0
9vg5c9,1.0
9vg5cc,1.0
9vg5f1,1.0
9vg5f3,1.0
9vg5f9,1.0
9vg5fc,1.0
9vg5g1,1.0
9vg5g3,1.0
9vg5g9,1.0
9vg5gc,1.0
9vg5u1,1.0
9vg5u3,1.0
9vg5u9,1.0
9vg5uc,1.0
9vg5v1,1.0
9vg5v3,1.0
9vg5v9,1.0
9vg5vc,1.0
9vg5y1,1.0
9vg5y3,1.0
9vg5y9,1.0
9vg5yc,1.0
9vg5z1,1.0
9vg5z3,1.0
9vg5z2,1.0
9vg5xr,1.0
9vg5xq,1.0
9vg5xm,1.0
9vg5xk,1.0
9vg5x7,1.0
9vg5x6,1.0
9vg5x3,1.0
9vg5x2,1.0
9vg5rr,1.0
9vg5rq,1.0
9vg5rm,1.0
9vg5rk,1.0
9vg5r7,1.0
9vg5r6,1.0
9vg5r3,1.0
9vg5r2,1.0
9vg5pr,1.0
9vg5pq,1.0
9vg5pm,1.0
9vg5pk,1.0
9vg5p7,1.0
9vg5p6,1.0
9vg5p3,1.0
9vg5p2,1.0
9vg4zr,1.0
9vg4zq,1.0
9vg4zm,1.0
9vg4zk,1.0
9vg4z7,1.0
9vg4z6,1.0
9vg4z3,1.0
9vg4z2,1.0
9vg4xr,1.0
9vg4xq,1.0
9vg4xm,1.0
9vg4xk,1.0
9vg4x7,1.0
9vg4x6,1.0
9vg4x3,1.0
9vg4x2,1.0
9vg4rr,1.0
9vg4rq,1.0
9vg4rm,1.0
9vg4rk,1.0
9vg4r7,1.0
9vg4r6,1.0
9vg4r3,1.0
9vg4r2,1.0
9vg4pr,1.0
9vg4pq,1.0
9vg4pm,1.0
9vg4pk,1.0
9vg4p7,1.0
9vg4p6,1.0
9vg4p3,1.0
9vg4p2,1.0
9vg1zr,1.0
9vg1zq,1.0
9vg1zm,1.0
9vg1zk,1.0
9vg1z7,1.0
9vg1z6,1.0
9vg1z3,1.0
9vg1z2,1.0
9vg1xr,1.0
9vg1xq,1.0
9vg1xm,1.0
9vg1xk,1.0
9vg1x7,1.0
9vg1x5,1.0
9vg1wg,1.0
9vg1we,1.0
9vg1w7,1.0
9vg1w5,1.0
9vg1tg,1.0
9vg1te,1.0
9vg1t7,1.0
9vg1t5,1.0
9vg1sg,1.0
9vg1se,1.0
9vg1s7,1.0
9vg1s5,1.0
9vg1eg,1.0
9vg1ee,1.0
9vg1e7,1.0
9vg1e5,1.0
9vg1dg,1.0
9vg1de,1.0
9vg1d7,1.0
9vg1d5,1.0
9vg19g,1.0
9vg19e,1.0
9vg197,1.0
9vg195,1.0
9vg18g,1.0
9vg18e,1.0
9vg187,1.0
9vg185,1.0
9vfcxg,1.0
9vfcxe,1.0
9vfcx7,1.0
9vfcx5,1.0
9vfcwg,1.0
9vfcwe,1.0
9vfcw7,1.0
9vfcw5,1.0
9vfctg,1.0
9vfcte,1.0
9vfct7,1.0
9vfct5,1.0
9vfcsg,1.0
9vfcse,1.0
9vfcs7,1.0
9vfcs5,1.0
9vfceg,1.0
9vfcee,1.0
9vfce7,1.0
9vfce5,1.0
9vfcdg,1.0
9vfcde,1.0
9vfcd7,1.0
9vfcd5,1.0
9vfc9g,1.0
9vfc9e,1.0
9vfc97,1.0
9vfc95,1.0
9vfc8g,1.0
9vfc8e,1.0
9vfc87,1.0
9vfc85,1.0
9vf9xg,1.0
9vf9xe,1.0
9vf9x7,1.0
9vf9x5,1.0
9vf9wg,1.0
9vf9we,1.0
9vf9w7,1.0
9vf9w5,1.0
9vf9tg,1.0
9vf9tu,1.0
9vf9tv,1.0
9vf9ty,1.0
9vf9tz,1.0
9vf9vb,1.0
9vf9vc,1.0
9vf9vf,1.0
9vf9vg,1.0
9vf9vu,1.0
9vf9vv,1.0
9vf9vy,1.0
9vf9vz,1.0
9vfdjb,1.0
9vfdjc,1.0
9vfdjf,1.0
9vfdjg,1.0
9vfdju,1.0
9vfdjv,1.0
9vfdjy,1.0
9vfdjz,1.0
9vfdmb,1.0
9vfdmc,1.0
9vfdmf,1.0
9vfdmg,1.0
9vfdmu,1.0
9vfdmv,1.0
9vfdmy,1.0
9vfdmz,1.0
9vfdtb,1.0
9vfdtc,1.0
9vfdtf,1.0
9vfdtg,1.0
9vfdtu,1.0
9vfdtv,1.0
9vfdty,1.0
9vfdtz,1.0
9vfdvb,1.0
9vfdvc,1.0
9vfdvf,1.0
9vfdvg,1.0
9vfdvu,1.0
9vfdvv,1.0
9vfdvy,1.0
9vfdvz,1.0
9vfejb,1.0
9vfejc,1.0
9vfejf,1.0
9vfejg,1.0
9vfeju,1.0
9vfejv,1.0
9vfejy,1.0
9vfejz,1.0
9vfemb,1.0
9vfemc,1.0
9vfemf,1.0
9vfemg,1.0
9vfemu,1.0
9vfemv,1.0
9vfemy,1.0
9vfemz,1.0
9vfetb,1.0
9vfetc,1.0
9vfetf,1.0
9vfetg,1.0
9vfetu,1.0
9vfetv,1.0
9vfety,1.0
9vfetz,1.0
9vfev9,1.0
9vfevd,1.0
9vfevf,1.0
9vfey4,1.0
9vfey6,1.0
9vfeyd,1.0
9vfeyf,1.0
9vfez4,1.0
9vfez6,1.0
9vfezd,1.0
9vfezf,1.0
9vfgb4,1.0
9vfgb6,1.0
9vfgbd,1.0
9vfgbf,1.0
9vfgc4,1.0
9vfgc6,1.0
9vfgcd,1.0
9vfgcf,1.0
9vfgf4,1.0
9vfgf6,1.0
9vfgfd,1.0
9vfgff,1.0
9vfgg4,1.0
9vfgg6,1.0
9vfggd,1.0
9vfggf,1.0
9vfgu4,1.0
9vfgu6,1.0
9vfgud,1.0
9vfguf,1.0
9vfgv4,1.0
9vfgv6,1.0
9vfgvd,1.0
9vfgvf,1.0
9vfgy4,1.0
9vfgy6,1.0
9vfgyd,1.0
9vfgyf,1.0
9vfgz4,1.0
9vfgz6,1.0
9vfgzd,1.0
9vfgzf,1.0
9vg5b4,1.0
9vg5b6,1.0
9vg5bd,1.0
9vg5bf,1.0
9vg5c4,1.0
9vg5c6,1.0
9vg5cd,1.0
9vg5cf,1.0
9vg5f4,1.0
9vg5f6,1.0
9vg5fd,1.0
9vg5ff,1.0
9vg5g4,1.0
9vg5g6,1.0
9vg5gd,1.0
9vg5gf,1.0
9vg5u4,1.0
9vg5u6,1.0
9vg5ud,1.0
9vg5uf,1.0
9vg5v4,1.0
9vg5v6,1.0
9vg5vd,1.0
9vg5vf,1.0
9vg5y4,1.0
9vg5y6,1.0
9vg5yd,1.0
9vg5yf,1.0
9vg5z4,1.0
9vg5z6,1.0
9vg5zd,1.0
9vg5z9,1.0
9vg5z8,1.0
9vg5xx,1.0
9vg5xw,1.0
9vg5xt,1.0
9vg5xs,1.0
9vg5xe,1.0
9vg5xd,1.0
9vg5x9,1.0
9vg5x8,1.0
9vg5rx,1.0
9vg5rw,1.0
9vg5rt,1.0
9vg5rs,1.0
9vg5re,1.0
9vg5rd,1.0
9vg5r9,1.0
9vg5r8,1.0
9vg5px,1.0
9vg5pw,1.0
9vg5pt,1.0
9vg5ps,1.0
9vg5pe,1.0
9vg5pd,1.0
9vg5p9,1.0
9vg5p8,1.0
9vg4zx,1.0
9vg4zw,1.0
9vg4zt,1.0
9vg4zs,1.0
9vg4ze,1.0
9vg4zd,1.0
9vg4z9,1.0
9vg4z8,1.0
9vg4xx,1.0
9vg4xw,1.0
9vg4xt,1.0
9vg4xs,1.0
9vg4xe,1.0
9vg4xd,1.0
9vg4x9,1.0
9vg4x8,1.0
9vg4rx,1.0
9vg4rw,1.0
9vg4rt,1.0
9vg4rs,1.0
9vg4re,1.0
9vg4rd,1.0
9vg4r9,1.0
9vg4r8,1.0
9vg4px,1.0
9vg4pw,1.0
9vg4pt,1.0
9vg4ps,1.0
9vg4pe,1.0
9vg4pd,1.0
9vg4p9,1.0
9vg4p8,1.0
9vg1zx,1.0
9vg1zw,1.0
9vg1zt,1.0
9vg1zs,1.0
9vg1ze,1.0
9vg1zd,1.0
9vg1z9,1.0
9vg1z8,1.0
9vg1xx,1.0
9vg1xw,1.0
9vg1xt,1.0
9vg1xs,1.0
9vg1xe,1.0
9vg1xd,1.0
9vg1x6,1.0
9vg1x4,1.0
9vg1wf,1.0
9vg1wd,1.0
9vg1w6,1.0
9vg1w4,1.0
9vg1tf,1.0
9vg1td,1.0
9vg1t6,1.0
9vg1t4,1.0
9vg1sf,1.0
9vg1sd,1.0
9vg1s6,1.0
9vg1s4,1.0
9vg1ef,1.0
9vg1ed,1.0
9vg1e6,1.0
9vg1e4,1.0
9vg1df,1.0
9vg1dd,1.0
9vg1d6,1.0
9vg1d4,1.0
9vg19f,1.0
9vg19d,1.0
9vg196,1.0
9vg194,1.0
9vg18f,1.0
9vg18d,1.0
9vg186,1.0
9vg184,1.0
9vfcxf,1.0
9vfcxd,1.0
9vfcx6,1.0
9vfcx4,1.0
9vfcwf,1.0
9vfcwd,1.0
9vfcw6,1.0
9vfcw4,1.0
9vfctf,1.0
9vfctd,1.0
9vfct6,1.0
9vfct4,1.0
9vfcsf,1.0
9vfcsd,1.0
9vfcs6,1.0
9vfcs4,1.0
9vfcef,1.0
9vfced,1.0
9vfce6,1.0
9vfce4,1.0
9vfcdf,1.0
9vfcdd,1.0
9vfcd6,1.0
9vfcd4,1.0
9vfc9f,1.0
9vfc9d,1.0
9vfc96,1.0
9vfc94,1.0
9vfc8f,1.0
9vfc8d,1.0
9vfc86,1.0
9vfc84,1.0
9vf9xf,1.0
9vf9xd,1.0
9vf9x6,1.0
9vf9x4,1.0
9vf9wf,1.0
9vf9wd,1.0
9vf9w6,1.0
9vf9w4,1.0
9vf9tf,1.0
9vf9td,1.0
9vf9te,1.0
9vf9ts,1.0
9vf9tt,1.0
9vf9tw,1.0
9vf9tx,1.0
9vf9v8,1.0
9vf9v9,1.0
9vf9vd,1.0
9vf9ve,1.0
9vf9vs,1.0
9vf9vt,1.0
9vf9vw,1.0
9vf9vx,1.0
9vfdj8,1.0
9vfdj9,1.0
9vfdjd,1.0
9vfdje,1.0
9vfdjs,1.0
9vfdjt,1.0
9vfdjw,1.0
9vfdjx,1.0
9vfdm8,1.0
9vfdm9,1.0
9vfdmd,1.0
9vfdme,1.0
9vfdms,1.0
9vfdmt,1.0
9vfdmw,1.0
9vfdmx,1.0
9vfdt8,1.0
9vfdt9,1.0
9vfdtd,1.0
9vfdte,1.0
9vfdts,1.0
9vfdtt,1.0
9vfdtw,1.0
9vfdtx,1.0
9vfdv8,1.0
9vfdv9,1.0
9vfdvd,1.0
9vfdve,1.0
9vfdvs,1.0
9vfdvt,1.0
9vfdvw,1.0
9vfdvx,1.0
9vfej8,1.0
9vfej9,1.0
9vfejd,1.0
9vfeje,1.0
9vfejs,1.0
9vfejt,1.0
9vfejw,1.0
9vfejx,1.0
9vfem8,1.0
9vfem9,1.0
9vfemd,1.0
9vfeme,1.0
9vfems,1.0
9vfemt,1.0
9vfemw,1.0
9vfemx,1.0
9vfet8,1.0
9vfet9,1.0
9vfetd,1.0
9vfete,1.0
9vfets,1.0
9vfett,1.0
9vfetw,1.0
9vfetx,1.0
9vfev8,1.0
9vfev6,1.0
9vfev7,1.0
9vfeve,1.0
9vfevg,1.0
9vfey5,1.0
9vfey7,1.0
9vfeye,1.0
9vfeyg,1.0
9vfez5,1.0
9vfez7,1.0
9vfeze,1.0
9vfezg,1.0
9vfgb5,1.0
9vfgb7,1.0
9vfgbe,1.0
9vfgbg,1.0
9vfgc5,1.0
9vfgc7,1.0
9vfgce,1.0
9vfgcg,1.0
9vfgf5,1.0
9vfgf7,1.0
9vfgfe,1.0
9vfgfg,1.0
9vfgg5,1.0
9vfgg7,1.0
9vfgge,1.0
9vfggg,1.0
9vfgu5,1.0
9vfgu7,1.0
9vfgue,1.0
9vfgug,1.0
9vfgv5,1.0
9vfgv7,1.0
9vfgve,1.0
9vfgvg,1.0
9vfgy5,1.0
9vfgy7,1.0
9vfgye,1.0
9vfgyg,1.0
9vfgz5,1.0
9vfgz7,1.0
9vfgze,1.0
9vfgzg,1.0
9vg5b5,1.0
9vg5b7,1.0
9vg5be,1.0
9vg5bg,1.0
9vg5c5,1.0
9vg5c7,1.0
9vg5ce,1.0
9vg5cg,1.0
9vg5f5,1.0
9vg5f7,1.0
9vg5fe,1.0
9vg5fg,1.0
9vg5g5,1.0
9vg5g7,1.0
9vg5ge,1.0
9vg5gg,1.0
9vg5u5,1.0
9vg5u7,1.0
9vg5ue,1.0
9vg5ug,1.0
9vg5v5,1.0
9vg5v7,1.0
9vg5ve,1.0
9vg5vg,1.0
9vg5y5,1.0
9vg5y7,1.0
9vg5ye,1.0
9vg5yg,1.0
9vg5z5,1.0
9vg5z7,1.0
9vg5ze,1.0
9vg5zg,1.0
9vg5zf,1.0
9vg5zc,1.0
9vg5zb,1.0
9vg5xz,1.0
9vg5xy,1.0
9vg5xv,1.0
9vg5xu,1.0
9vg5xg,1.0
9vg5xf,1.0
9vg5xc,1.0
9vg5xb,1.0
9vg5rz,1.0
9vg5ry,1.0
9vg5rv,1.0
9vg5ru,1.0
9vg5rg,1.0
9vg5rf,1.0
9vg5rc,1.0
9vg5rb,1.0
9vg5pz,1.0
9vg5py,1.0
9vg5pv,1.0
9vg5pu,1.0
9vg5pg,1.0
9vg5pf,1.0
9vg5pc,1.0
9vg5pb,1.0
9vg4zz,1.0
9vg4zy,1.0
9vg4zv,1.0
9vg4zu,1.0
9vg4zg,1.0
9vg4zf,1.0
9vg4zc,1.0
9vg4zb,1.0
9vg4xz,1.0
9vg4xy,1.0
9vg4xv,1.0
9vg4xu,1.0
9vg4xg,1.0
9vg4xf,1.0
9vg4xc,1.0
9vg4xb,1.0
9vg4rz,1.0
9vg4ry,1.0
9vg4rv,1.0
9vg4ru,1.0
9vg4rg,1.0
9vg4rf,1.0
9vg4rc,1.0
9vg4rb,1.0
9vg4pz,1.0
9vg4py,1.0
9vg4pv,1.0
9vg4pu,1.0
9vg4pg,1.0
9vg4pf,1.0
9vg4pc,1.0
9vg4pb,1.0
9vg1zz,1.0
9vg1zy,1.0
9vg1zv,1.0
9vg1zu,1.0
9vg1zg,1.0
9vg1zf,1.0
9vg1zc,1.0
9vg1zb,1.0
9vg1xz,1.0
9vg1xy,1.0
9vg1xv,1.0
9vg1xu,1.0
9vg1xg,1.0
9vg1xf,1.0
9vg1xc,1.0
9vg1x9,1.0
9vg1x3,1.0
9vg1x1,1.0
9vg1wc,1.0
9vg1w9,1.0
9vg1w3,1.0
9vg1w1,1.0
9vg1tc,1.0
9vg1t9,1.0
9vg1t3,1.0
9vg1t1,1.0
9vg1sc,1.0
9vg1s9,1.0
9vg1s3,1.0
9vg1s1,1.0
9vg1ec,1.0
9vg1e9,1.0
9vg1e3,1.0
9vg1e1,1.0
9vg1dc,1.0
9vg1d9,1.0
9vg1d3,1.0
9vg1d1,1.0
9vg19c,1.0
9vg199,1.0
9vg193,1.0
9vg191,1.0
9vg18c,1.0
9vg189,1.0
9vg183,1.0
9vg181,1.0
9vfcxc,1.0
9vfcx9,1.0
9vfcx3,1.0
9vfcx1,1.0
9vfcwc,1.0
9vfcw9,1.0
9vfcw3,1.0
9vfcw1,1.0
9vfctc,1.0
9vfct9,1.0
9vfct3,1.0
9vfct1,1.0
9vfcsc,1.0
9vfcs9,1.0
9vfcs3,1.0
9vfcs1,1.0
9vfcec,1.0
9vfce9,1.0
9vfce3,1.0
9vfce1,1.0
9vfcdc,1.0
9vfcd9,1.0
9vfcd3,1.0
9vfcd1,1.0
9vfc9c,1.0
9vfc99,1.0
9vfc93,1.0
9vfc91,1.0
9vfc8c,1.0
9vfc89,1.0
9vfc83,1.0
9vfc81,1.0
9vf9xc,1.0
9vf9x9,1.0
9vf9x3,1.0
9vf9x1,1.0
9vf9wc,1.0
9vf9w9,1.0
9vf9w3,1.0
9vf9w1,1.0
9vf9tc,1.0
9vf9t9,1.0
9vf9t3,1.0
9vf9t6,1.0
9vf9t7,1.0
9vf9tk,1.0
9vf9tm,1.0
9vf9tq,1.0
9vf9tr,1.0
9vf9v2,1.0
9vf9v3,1.0
9vf9v6,1.0
9vf9v7,1.0
9vf9vk,1.0
9vf9vm,1.0
9vf9vq,1.0
9vf9vr,1.0
9vfdj2,1.0
9vfdj3,1.0
9vfdj6,1.0
9vfdj7,1.0
9vfdjk,1.0
9vfdjm,1.0
9vfdjq,1.0
9vfdjr,1.0
9vfdm2,1.0
9vfdm3,1.0
9vfdm6,1.0
9vfdm7,1.0
9vfdmk,1.0
9vfdmm,1.0
9vfdmq,1.0
9vfdmr,1.0
9vfdt2,1.0
9vfdt3,1.0
9vfdt6,1.0
9vfdt7,1.0
9vfdtk,1.0
9vfdtm,1.0
9vfdtq,1.0
9vfdtr,1.0
9vfdv2,1.0
9vfdv3,1.0
9vfdv6,1.0
9vfdv7,1.0
9vfdvk,1.0
9vfdvm,1.0
9vfdvq,1.0
9vfdvr,1.0
9vfej2,1.0
9vfej3,1.0
9vfej6,1.0
9vfej7,1.0
9vfejk,1.0
9vfejm,1.0
9vfejq,1.0
9vfejr,1.0
9vfem2,1.0
9vfem3,1.0
9vfem6,1.0
9vfem7,1.0
9vfemk,1.0
9vfemm,1.0
9vfemq,1.0
9vfemr,1.0
9vfet2,1.0
9vfet3,1.0
9vfet6,1.0
9vfet7,1.0
9vfetk,1.0
9vfetm,1.0
9vfetq,1.0
9vfetr,1.0
9vfev2,1.0
9vfev3,1.0
9vfev5,1.0
9vfevh,1.0
9vfevk,1.0
9vfevs,1.0
9vfevu,1.0
9vfeyh,1.0
9vfeyk,1.0
9vfeys,1.0
9vfeyu,1.0
9vfezh,1.0
9vfezk,1.0
9vfezs,1.0
9vfezu,1.0
9vfgbh,1.0
9vfgbk,1.0
9vfgbs,1.0
9vfgbu,1.0
9vfgch,1.0
9vfgck,1.0
9vfgcs,1.0
9vfgcu,1.0
9vfgfh,1.0
9vfgfk,1.0
9vfgfs,1.0
9vfgfu,1.0
9vfggh,1.0
9vfggk,1.0
9vfggs,1.0
9vfggu,1.0
9vfguh,1.0
9vfguk,1.0
9vfgus,1.0
9vfguu,1.0
9vfgvh,1.0
9vfgvk,1.0
9vfgvs,1.0
9vfgvu,1.0
9vfgyh,1.0
9vfgyk,1.0
9vfgys,1.0
9vfgyu,1.0
9vfgzh,1.0
9vfgzk,1.0
9vfgzs,1.0
9vfgzu,1.0
9vg5bh,1.0
9vg5bk,1.0
9vg5bs,1.0
9vg5bu,1.0
9vg5ch,1.0
9vg5ck,1.0
9vg5cs,1.0
9vg5cu,1.0
9vg5fh,1.0
9vg5fk,1.0
9vg5fs,1.0
9vg5fu,1.0
9vg5gh,1.0
9vg5gk,1.0
9vg5gs,1.0
9vg5gu,1.0
9vg5uh,1.0
9vg5uk,1.0
9vg5us,1.0
9vg5uu,1.0
9vg5vh,1.0
9vg5vk,1.0
9vg5vs,1.0
9vg5vu,1.0
9vg5yh,1.0
9vg5yk,1.0
9vg5ys,1.0
9vg5yu,1.0
9vg5zh,1.0
9vg5zk,1.0
9vg5zs,1.0
9vg5zu,1.0
9vg7bh,1.0
9vg7b5,1.0
9vg7b4,1.0
9vg7b1,1.0
9vg7b0,1.0
9vg78p,1.0
9vg78n,1.0
9vg78j,1.0
9vg78h,1.0
9vg785,1.0
9vg784,1.0
9vg781,1.0
9vg780,1.0
9vg72p,1.0
9vg72n,1.0
9vg72j,1.0
9vg72h,1.0
9vg725,1.0
9vg724,1.0
9vg721,1.0
9vg720,1.0
9vg70p,1.0
9vg70n,1.0
9vg70j,1.0
9vg70h,1.0
9vg705,1.0
9vg704,1.0
9vg701,1.0
9vg700,1.0
9vg6bp,1.0
9vg6bn,1.0
9vg6bj,1.0
9vg6bh,1.0
9vg6b5,1.0
9vg6b4,1.0
9vg6b1,1.0
9vg6b0,1.0
9vg68p,1.0
9vg68n,1.0
9vg68j,1.0
9vg68h,1.0
9vg685,1.0
9vg684,1.0
9vg681,1.0
9vg680,1.0
9vg62p,1.0
9vg62n,1.0
9vg62j,1.0
9vg62h,1.0
9vg625,1.0
9vg624,1.0
9vg621,1.0
9vg620,1.0
9vg60p,1.0
9vg60n,1.0
9vg60j,1.0
9vg60h,1.0
9vg605,1.0
9vg604,1.0
9vg601,1.0
9vg600,1.0
9vg3bp,1.0
9vg3bn,1.0
9vg3bj,1.0
9vg3bh,1.0
9vg3b5,1.0
9vg3b4,1.0
9vg3b1,1.0
9vg3b0,1.0
9vg38p,1.0
9vg38n,1.0
9vg38j,1.0
9vg38h,1.0
9vg385,1.0
9vg384,1.0
9vg381,1.0
9vg380,1.0
9vg1xb,1.0
9vg1x8,1.0
9vg1x2,1.0
9vg1x0,1.0
9vg1wb,1.0
9vg1w8,1.0
9vg1w2,1.0
9vg1w0,1.0
9vg1tb,1.0
9vg1t8,1.0
9vg1t2,1.0
9vg1t0,1.0
9vg1sb,1.0
9vg1s8,1.0
9vg1s2,1.0
9vg1s0,1.0
9vg1eb,1.0
9vg1e8,1.0
9vg1e2,1.0
9vg1e0,1.0
9vg1db,1.0
9vg1d8,1.0
9vg1d2,1.0
9vg1d0,1.0
9vg19b,1.0
9vg198,1.0
9vg192,1.0
9vg190,1.0
9vg18b,1.0
9vg188,1.0
9vg182,1.0
9vg180,1.0
9vfcxb,1.0
9vfcx8,1.0
9vfcx2,1.0
9vfcx0,1.0
9vfcwb,1.0
9vfcw8,1.0
9vfcw2,1.0
9vfcw0,1.0
9vfctb,1.0
9vfct8,1.0
9vfct2,1.0
9vfct0,1.0
9vfcsb,1.0
9vfcs8,1.0
9vfcs2,1.0
9vfcs0,1.0
9vfceb,1.0
9vfce8,1.0
9vfce2,1.0
9vfce0,1.0
9vfcdb,1.0
9vfcd8,1.0
9vfcd2,1.0
9vfcd0,1.0
9vfc9b,1.0
9vfc98,1.0
9vfc92,1.0
9vfc90,1.0
9vfc8b,1.0
9vfc88,1.0
9vfc82,1.0
9vfc80,1.0
9vf9xb,1.0
9vf9x8,1.0
9vf9x2,1.0
9vf9x0,1.0
9vf9wb,1.0
9vf9w8,1.0
9vf9w2,1.0
9vf9w0,1.0
9vf9tb,1.0
9vf9t8,1.0
9vf9t2,1.0
9vf9t0,1.0
9vf9t1,1.0
9vf9t4,1.0
9vf9t5,1.0
9vf9th,1.0
9vf9tj,1.0
9vf9tn,1.0
9vf9tp,1.0
9vf9v0,1.0
9vf9v1,1.0
9vf9v4,1.0
9vf9v5,1.0
9vf9vh,1.0
9vf9vj,1.0
9vf9vn,1.0
9vf9vp,1.0
9vfdj0,1.0
9vfdj1,1.0
9vfdj4,1.0
9vfdj5,1.0
9vfdjh,1.0
9vfdjj,1.0
9vfdjn,1.0
9vfdjp,1.0
9vfdm0,1.0
9vfdm1,1.0
9vfdm4,1.0
9vfdm5,1.0
9vfdmh,1.0
9vfdmj,1.0
9vfdmn,1.0
9vfdmp,1.0
9vfdt0,1.0
9vfdt1,1.0
9vfdt4,1.0
9vfdt5,1.0
9vfdth,1.0
9vfdtj,1.0
9vfdtn,1.0
9vfdtp,1.0
9vfdv0,1.0
9vfdv1,1.0
9vfdv4,1.0
9vfdv5,1.0
9vfdvh,1.0
9vfdvj,1.0
9vfdvn,1.0
9vfdvp,1.0
9vfej0,1.0
9vfej1,1.0
9vfej4,1.0
9vfej5,1.0
9vfejh,1.0
9vfejj,1.0
9vfejn,1.0
9vfejp,1.0
9vfem0,1.0
9vfem1,1.0
9vfem4,1.0
9vfem5,1.0
9vfemh,1.0
9vfemj,1.0
9vfemn,1.0
9vfemp,1.0
9vfet0,1.0
9vfet1,1.0
9vfet4,1.0
9vfet5,1.0
9vfeth,1.0
9vfetj,1.0
9vfetn,1.0
9vfetp,1.0
9vfev0,1.0
9vfev1,1.0
9vfev4,1.0
9vfeuu,1.0
9vfeuv,1.0
9vfevj,1.0
9vfevm,1.0
9vfevt,1.0
9vfevv,1.0
9vfeyj,1.0
9vfeym,1.0
9vfeyt,1.0
9vfeyv,1.0
9vfezj,1.0
9vfezm,1.0
9vfezt,1.0
9vfezv,1.0
9vfgbj,1.0
9vfgbm,1.0
9vfgbt,1.0
9vfgbv,1.0
9vfgcj,1.0
9vfgcm,1.0
9vfgct,1.0
9vfgcv,1.0
9vfgfj,1.0
9vfgfm,1.0
9vfgft,1.0
9vfgfv,1.0
9vfggj,1.0
9vfggm,1.0
9vfggt,1.0
9vfggv,1.0
9vfguj,1.0
9vfgum,1.0
9vfgut,1.0
9vfguv,1.0
9vfgvj,1.0
9vfgvm,1.0
9vfgvt,1.0
9vfgvv,1.0
9vfgyj,1.0
9vfgym,1.0
9vfgyt,1.0
9vfgyv,1.0
9vfgzj,1.0
9vfgzm,1.0
9vfgzt,1.0
9vfgzv,1.0
9vg5bj,1.0
9vg5bm,1.0
9vg5bt,1.0
9vg5bv,1.0
9vg5cj,1.0
9vg5cm,1.0
9vg5ct,1.0
9vg5cv,1.0
9vg5fj,1.0
9vg5fm,1.0
9vg5ft,1.0
9vg5fv,1.0
9vg5gj,1.0
9vg5gm,1.0
9vg5gt,1.0
9vg5gv,1.0
9vg5uj,1.0
9vg5um,1.0
9vg5ut,1.0
9vg5uv,1.0
9vg5vj,1.0
9vg5vm,1.0
9vg5vt,1.0
9vg5vv,1.0
9vg5yj,1.0
9vg5ym,1.0
9vg5yt,1.0
9vg5yv,1.0
9vg5zj,1.0
9vg5zm,1.0
9vg5zt,1.0
9vg5zv,1.0
9vg7bj,1.0
9vg7bm,1.0
9vg7bk,1.0
9vg7b7,1.0
9vg7b6,1.0
9vg7b3,1.0
9vg7b2,1.0
9vg78r,1.0
9vg78q,1.0
9vg78m,1.0
9vg78k,1.0
9vg787,1.0
9vg786,1.0
9vg783,1.0
9vg782,1.0
9vg72r,1.0
9vg72q,1.0
9vg72m,1.0
9vg72k,1.0
9vg727,1.0
9vg726,1.0
9vg723,1.0
9vg722,1.0
9vg70r,1.0
9vg70q,1.0
9vg70m,1.0
9vg70k,1.0
9vg707,1.0
9vg706,1.0
9vg703,1.0
9vg702,1.0
9vg6br,1.0
9vg6bq,1.0
9vg6bm,1.0
9vg6bk,1.0
9vg6b7,1.0
9vg6b6,1.0
9vg6b3,1.0
9vg6b2,1.0
9vg68r,1.0
9vg68q,1.0
9vg68m,1.0
9vg68k,1.0
9vg687,1.0
9vg686,1.0
9vg683,1.0
9vg682,1.0
9vg62r,1.0
9vg62q,1.0
9vg62m,1.0
9vg62k,1.0
9vg627,1.0
9vg626,1.0
9vg623,1.0
9vg622,1.0
9vg60r,1.0
9vg60q,1.0
9vg60m,1.0
9vg60k,1.0
9vg607,1.0
9vg606,1.0
9vg603,1.0
9vg602,1.0
9vg3br,1.0
9vg3bq,1.0
9vg3bm,1.0
9vg3bk,1.0
9vg3b7,1.0
9vg3b6,1.0
9vg3b3,1.0
9vg3b2,1.0
9vg38r,1.0
9vg38q,1.0
9vg38m,1.0
9vg38k,1.0
9vg387,1.0
9vg386,1.0
9vg383,1.0
9vg382,1.0
9vg32r,1.0
9vg32p,1.0
9vg1rz,1.0
9vg1rx,1.0
9vg1rr,1.0
9vg1rp,1.0
9vg1qz,1.0
9vg1qx,1.0
9vg1qr,1.0
9vg1qp,1.0
9vg1mz,1.0
9vg1mx,1.0
9vg1mr,1.0
9vg1mp,1.0
9vg1kz,1.0
9vg1kx,1.0
9vg1kr,1.0
9vg1kp,1.0
9vg17z,1.0
9vg17x,1.0
9vg17r,1.0
9vg17p,1.0
9vg16z,1.0
9vg16x,1.0
9vg16r,1.0
9vg16p,1.0
9vg13z,1.0
9vg13x,1.0
9vg13r,1.0
9vg13p,1.0
9vg12z,1.0
9vg12x,1.0
9vg12r,1.0
9vg12p,1.0
9vfcrz,1.0
9vfcrx,1.0
9vfcrr,1.0
9vfcrp,1.0
9vfcqz,1.0
9vfcqx,1.0
9vfcqr,1.0
9vfcqp,1.0
9vfcmz,1.0
9vfcmx,1.0
9vfcmr,1.0
9vfcmp,1.0
9vfckz,1.0
9vfckx,1.0
9vfckr,1.0
9vfckp,1.0
9vfc7z,1.0
9vfc7x,1.0
9vfc7r,1.0
9vfc7p,1.0
9vfc6z,1.0
9vfc6x,1.0
9vfc6r,1.0
9vfc6p,1.0
9vfc3z,1.0
9vfc3x,1.0
9vfc3r,1.0
9vfc3p,1.0
9vfc2z,1.0
9vfc2x,1.0
9vfc2r,1.0
9vfc2p,1.0
9vf9rz,1.0
9vf9rx,1.0
9vf9rr,1.0
9vf9rp,1.0
9vf9qz,1.0
9vf9qx,1.0
9vf9qr,1.0
9vf9qp,1.0
9vf9mz,1.0
9vf9mx,1.0
9vf9mr,1.0
9vf9mp,1.0
9vf9kz,1.0
9vf9sb,1.0
9vf9sc,1.0
9vf9sf,1.0
9vf9sg,1.0
9vf9su,1.0
9vf9sv,1.0
9vf9sy,1.0
9vf9sz,1.0
9vf9ub,1.0
9vf9uc,1.0
9vf9uf,1.0
9vf9ug,1.0
9vf9uu,1.0
9vf9uv,1.0
9vf9uy,1.0
9vf9uz,1.0
9vfdhb,1.0
9vfdhc,1.0
9vfdhf,1.0
9vfdhg,1.0
9vfdhu,1.0
9vfdhv,1.0
9vfdhy,1.0
9vfdhz,1.0
9vfdkb,1.0
9vfdkc,1.0
9vfdkf,1.0
9vfdkg,1.0
9vfdku,1.0
9vfdkv,1.0
9vfdky,1.0
9vfdkz,1.0
9vfdsb,1.0
9vfdsc,1.0
9vfdsf,1.0
9vfdsg,1.0
9vfdsu,1.0
9vfdsv,1.0
9vfdsy,1.0
9vfdsz,1.0
9vfdub,1.0
9vfduc,1.0
9vfduf,1.0
9vfdug,1.0
9vfduu,1.0
9vfduv,1.0
9vfduy,1.0
9vfduz,1.0
9vfehb,1.0
9vfehc,1.0
9vfehf,1.0
9vfehg,1.0
9vfehu,1.0
9vfehv,1.0
9vfehy,1.0
9vfehz,1.0
9vfekb,1.0
9vfekc,1.0
9vfekf,1.0
9vfekg,1.0
9vfeku,1.0
9vfekv,1.0
9vfeky,1.0
9vfekz,1.0
9vfesb,1.0
9vfesc,1.0
9vfesf,1.0
9vfesg,1.0
9vfesu,1.0
9vfesv,1.0
9vfesy,1.0
9vfesz,1.0
9vfeub,1.0
9vfeuc,1.0
9vfeuf,1.0
9vfeug,1.0
9vfeut,1.0
9vfeuw,1.0
9vfeuy,1.0
9vfevn,1.0
9vfevq,1.0
9vfevw,1.0
9vfevy,1.0
9vfeyn,1.0
9vfeyq,1.0
9vfeyw,1.0
9vfeyy,1.0
9vfezn,1.0
9vfezq,1.0
9vfezw,1.0
9vfezy,1.0
9vfgbn,1.0
9vfgbq,1.0
9vfgbw,1.0
9vfgby,1.0
9vfgcn,1.0
9vfgcq,1.0
9vfgcw,1.0
9vfgcy,1.0
9vfgfn,1.0
9vfgfq,1.0
9vfgfw,1.0
9vfgfy,1.0
9vfggn,1.0
9vfggq,1.0
9vfggw,1.0
9vfggy,1.0
9vfgun,1.0
9vfguq,1.0
9vfguw,1.0
9vfguy,1.0
9vfgvn,1.0
9vfgvq,1.0
9vfgvw,1.0
9vfgvy,1.0
9vfgyn,1.0
9vfgyq,1.0
9vfgyw,1.0
9vfgyy,1.0
9vfgzn,1.0
9vfgzq,1.0
9vfgzw,1.0
9vfgzy,1.0
9vg5bn,1.0
9vg5bq,1.0
9vg5bw,1.0
9vg5by,1.0
9vg5cn,1.0
9vg5cq,1.0
9vg5cw,1.0
9vg5cy,1.0
9vg5fn,1.0
9vg5fq,1.0
9vg5fw,1.0
9vg5fy,1.0
9vg5gn,1.0
9vg5gq,1.0
9vg5gw,1.0
9vg5gy,1.0
9vg5un,1.0
9vg5uq,1.0
9vg5uw,1.0
9vg5uy,1.0
9vg5vn,1.0
9vg5vq,1.0
9vg5vw,1.0
9vg5vy,1.0
9vg5yn,1.0
9vg5yq,1.0
9vg5yw,1.0
9vg5yy,1.0
9vg5zn,1.0
9vg5zq,1.0
9vg5zw,1.0
9vg5zy,1.0
9vg7bn,1.0
9vg7bq,1.0
9vg7bw,1.0
9vg7bt,1.0
9vg7bs,1.0
9vg7be,1.0
9vg7bd,1.0
9vg7b9,1.0
9vg7b8,1.0
9vg78x,1.0
9vg78w,1.0
9vg78t,1.0
9vg78s,1.0
9vg78e,1.0
9vg78d,1.0
9vg789,1.0
9vg788,1.0
9vg72x,1.0
9vg72w,1.0
9vg72t,1.0
9vg72s,1.0
9vg72e,1.0
9vg72d,1.0
9vg729,1.0
9vg728,1.0
9vg70x,1.0
9vg70w,1.0
9vg70t,1.0
9vg70s,1.0
9vg70e,1.0
9vg70d,1.0
9vg709,1.0
9vg708,1.0
9vg6bx,1.0
9vg6bw,1.0
9vg6bt,1.0
9vg6bs,1.0
9vg6be,1.0
9vg6bd,1.0
9vg6b9,1.0
9vg6b8,1.0
9vg68x,1.0
9vg68w,1.0
9vg68t,1.0
9vg68s,1.0
9vg68e,1.0
9vg68d,1.0
9vg689,1.0
9vg688,1.0
9vg62x,1.0
9vg62w,1.0
9vg62t,1.0
9vg62s,1.0
9vg62e,1.0
9vg62d,1.0
9vg629,1.0
9vg628,1.0
9vg60x,1.0
9vg60w,1.0
9vg60t,1.0
9vg60s,1.0
9vg60e,1.0
9vg60d,1.0
9vg609,1.0
9vg608,1.0
9vg3bx,1.0
9vg3bw,1.0
9vg3bt,1.0
9vg3bs,1.0
9vg3be,1.0
9vg3bd,1.0
9vg3b9,1.0
9vg3b8,1.0
9vg38x,1.0
9vg38w,1.0
9vg38t,1.0
9vg38s,1.0
9vg38e,1.0
9vg38d,1.0
9vg389,1.0
9vg388,1.0
9vg32x,1.0
9vg32w,1.0
9vg32q,1.0
9vg32n,1.0
9vg1ry,1.0
9vg1rw,1.0
9vg1rq,1.0
9vg1rn,1.0
9vg1qy,1.0
9vg1qw,1.0
9vg1qq,1.0
9vg1qn,1.0
9vg1my,1.0
9vg1mw,1.0
9vg1mq,1.0
9vg1mn,1.0
9vg1ky,1.0
9vg1kw,1.0
9vg1kq,1.0
9vg1kn,1.0
9vg17y,1.0
9vg17w,1.0
9vg17q,1.0
9vg17n,1.0
9vg16y,1.0
9vg16w,1.0
9vg16q,1.0
9vg16n,1.0
9vg13y,1.0
9vg13w,1.0
9vg13q,1.0
9vg13n,1.0
9vg12y,1.0
9vg12w,1.0
9vg12q,1.0
9vg12n,1.0
9vfcry,1.0
9vfcrw,1.0
9vfcrq,1.0
9vfcrn,1.0
9vfcqy,1.0
9vfcqw,1.0
9vfcqq,1.0
9vfcqn,1.0
9vfcmy,1.0
9vfcmw,1.0
9vfcmq,1.0
9vfcmn,1.0
9vfcky,1.0
9vfckw,1.0
9vfckq,1.0
9vfckn,1.0
9vfc7y,1.0
9vfc7w,1.0
9vfc7q,1.0
9vfc7n,1.0
9vfc6y,1.0
9vfc6w,1.0
9vfc6q,1.0
9vfc6n,1.0
9vfc3y,1.0
9vfc3w,1.0
9vfc3q,1.0
9vfc3n,1.0
9vfc2y,1.0
9vfc2w,1.0
9vfc2q,1.0
9vfc2n,1.0
9vf9ry,1.0
9vf9rw,1.0
9vf9rq,1.0
9vf9rn,1.0
9vf9qy,1.0
9vf9qw,1.0
9vf9qq,1.0
9vf9qn,1.0
9vf9my,1.0
9vf9mw,1.0
9vf9mq,1.0
9vf9mn,1.0
9vf9ky,1.0
9vf9kw,1.0
9vf9kx,1.0
9vf9s8,1.0
9vf9s9,1.0
9vf9sd,1.0
9vf9se,1.0
9vf9ss,1.0
9vf9st,1.0
9vf9sw,1.0
9vf9sx,1.0
9vf9u8,1.0
9vf9u9,1.0
9vf9ud,1.0
9vf9ue,1.0
9vf9us,1.0
9vf9ut,1.0
9vf9uw,1.0
9vf9ux,1.0
9vfdh8,1.0
9vfdh9,1.0
9vfdhd,1.0
9vfdhe,1.0
9vfdhs,1.0
9vfdht,1.0
9vfdhw,1.0
9vfdhx,1.0
9vfdk8,1.0
9vfdk9,1.0
9vfdkd,1.0
9vfdke,1.0
9vfdks,1.0
9vfdkt,1.0
9vfdkw,1.0
9vfdkx,1.0
9vfds8,1.0
9vfds9,1.0
9vfdsd,1.0
9vfdse,1.0
9vfdss,1.0
9vfdst,1.0
9vfdsw,1.0
9vfdsx,1.0
9vfdu8,1.0
9vfdu9,1.0
9vfdud,1.0
9vfdue,1.0
9vfdus,1.0
9vfdut,1.0
9vfduw,1.0
9vfdux,1.0
9vfeh8,1.0
9vfeh9,1.0
9vfehd,1.0
9vfehe,1.0
9vfehs,1.0
9vfeht,1.0
9vfehw,1.0
9vfehx,1.0
9vfek8,1.0
9vfek9,1.0
9vfekd,1.0
9vfeke,1.0
9vfeks,1.0
9vfekt,1.0
9vfekw,1.0
9vfekx,1.0
9vfes8,1.0
9vfes9,1.0
9vfesd,1.0
9vfese,1.0
9vfess,1.0
9vfest,1.0
9vfesw,1.0
9vfesx,1.0
9vfeu8,1.0
9vfeu9,1.0
9vfeud,1.0
9vfeue,1.0
9vfeus,1.0
